temp,value,site,replicate
59.69,0.112920186,River_Seta,R01
59.98165354,0.112920186,River_Seta,R01
60.27330709,0.131141065,River_Seta,R01
60.56496063,0.177014031,River_Seta,R01
60.85661417,0.238630057,River_Seta,R01
61.14826772,0.297061878,River_Seta,R01
61.43992126,0.337484144,River_Seta,R01
61.7315748,0.35882907,River_Seta,R01
62.02322835,0.366040734,River_Seta,R01
62.31488189,0.366981595,River_Seta,R01
62.60653543,0.370073251,River_Seta,R01
62.89818898,0.37228429,River_Seta,R01
63.18984252,0.36669669,River_Seta,R01
63.48149606,0.356140124,River_Seta,R01
63.77314961,0.346721187,River_Seta,R01
64.06480315,0.341710951,River_Seta,R01
64.35645669,0.340584573,River_Seta,R01
64.64811024,0.34288264,River_Seta,R01
64.93976378,0.346474488,River_Seta,R01
65.23141732,0.344868145,River_Seta,R01
65.52307087,0.339016229,River_Seta,R01
65.81472441,0.336732562,River_Seta,R01
66.10637795,0.339696419,River_Seta,R01
66.3980315,0.344142868,River_Seta,R01
66.68968504,0.348517482,River_Seta,R01
66.98133858,0.355077578,River_Seta,R01
67.27299213,0.364675761,River_Seta,R01
67.56464567,0.375853527,River_Seta,R01
67.85629921,0.390115865,River_Seta,R01
68.14795276,0.40901102,River_Seta,R01
68.4396063,0.429522912,River_Seta,R01
68.73125984,0.447309569,River_Seta,R01
69.02291339,0.462445211,River_Seta,R01
69.31456693,0.480075176,River_Seta,R01
69.60622047,0.502857006,River_Seta,R01
69.89787402,0.526249152,River_Seta,R01
70.18952756,0.547820605,River_Seta,R01
70.4811811,0.568569976,River_Seta,R01
70.77283465,0.587905195,River_Seta,R01
71.06448819,0.604617679,River_Seta,R01
71.35614173,0.62224499,River_Seta,R01
71.64779528,0.645905119,River_Seta,R01
71.93944882,0.673192016,River_Seta,R01
72.23110236,0.701221972,River_Seta,R01
72.52275591,0.728589727,River_Seta,R01
72.81440945,0.75026735,River_Seta,R01
73.10606299,0.76365244,River_Seta,R01
73.39771654,0.772376505,River_Seta,R01
73.68937008,0.780317829,River_Seta,R01
73.98102362,0.786240978,River_Seta,R01
74.27267717,0.790296421,River_Seta,R01
74.56433071,0.79708406,River_Seta,R01
74.85598425,0.805660636,River_Seta,R01
75.1476378,0.809651988,River_Seta,R01
75.43929134,0.80694262,River_Seta,R01
75.73094488,0.801401247,River_Seta,R01
76.02259843,0.799123612,River_Seta,R01
76.31425197,0.799343817,River_Seta,R01
76.60590551,0.798735196,River_Seta,R01
76.89755906,0.800191926,River_Seta,R01
77.1892126,0.806190152,River_Seta,R01
77.48086614,0.817845396,River_Seta,R01
77.77251969,0.833626445,River_Seta,R01
78.06417323,0.848770654,River_Seta,R01
78.35582677,0.862470458,River_Seta,R01
78.64748031,0.877190993,River_Seta,R01
78.93913386,0.896100694,River_Seta,R01
79.2307874,0.920541941,River_Seta,R01
79.52244094,0.948018898,River_Seta,R01
79.81409449,0.976913832,River_Seta,R01
80.10574803,1.009298193,River_Seta,R01
80.39740157,1.054522399,River_Seta,R01
80.68905512,1.1344281,River_Seta,R01
80.98070866,1.286915395,River_Seta,R01
81.2723622,1.555030163,River_Seta,R01
81.56401575,1.973300039,River_Seta,R01
81.85566929,2.561137263,River_Seta,R01
82.14732283,3.309230806,River_Seta,R01
82.43897638,4.141652272,River_Seta,R01
82.73062992,4.879416937,River_Seta,R01
83.02228346,5.274697808,River_Seta,R01
83.31393701,5.112729744,River_Seta,R01
83.60559055,4.364673278,River_Seta,R01
83.89724409,3.264965146,River_Seta,R01
84.18889764,2.146738376,River_Seta,R01
84.48055118,1.24195805,River_Seta,R01
84.77220472,0.63342608,River_Seta,R01
85.06385827,0.29413515,River_Seta,R01
85.35551181,0.14808694,River_Seta,R01
85.64716535,0.111029507,River_Seta,R01
85.9388189,0.11976463,River_Seta,R01
86.23047244,0.139990232,River_Seta,R01
86.52212598,0.156293086,River_Seta,R01
86.81377953,0.16436657,River_Seta,R01
87.10543307,0.164061996,River_Seta,R01
87.39708661,0.156690338,River_Seta,R01
87.68874016,0.145286862,River_Seta,R01
87.9803937,0.131937951,River_Seta,R01
88.27204724,0.118681247,River_Seta,R01
88.56370079,0.108216261,River_Seta,R01
88.85535433,0.10130505,River_Seta,R01
89.14700787,0.097359959,River_Seta,R01
89.43866142,0.095462804,River_Seta,R01
89.73031496,0.093945729,River_Seta,R01
90.0219685,0.091785852,River_Seta,R01
90.31362205,0.088834525,River_Seta,R01
90.60527559,0.084250342,River_Seta,R01
90.89692913,0.077325609,River_Seta,R01
91.18858268,0.069458815,River_Seta,R01
91.48023622,0.062441791,River_Seta,R01
91.77188976,0.056422434,River_Seta,R01
92.06354331,0.050459927,River_Seta,R01
92.35519685,0.044358737,River_Seta,R01
92.64685039,0.03885806,River_Seta,R01
92.93850394,0.034278115,River_Seta,R01
93.23015748,0.030013352,River_Seta,R01
93.52181102,0.025454164,River_Seta,R01
93.81346457,0.020987892,River_Seta,R01
94.10511811,0.017386661,River_Seta,R01
94.39677165,0.015420374,River_Seta,R01
94.6884252,0.015140849,River_Seta,R01
94.98007874,0.014566091,River_Seta,R01
95.27173228,0.012624208,River_Seta,R01
95.56338583,0.011531853,River_Seta,R01
95.85503937,0.0128896,River_Seta,R01
96.14669291,0.015241456,River_Seta,R01
96.43834646,0.016356837,River_Seta,R01
96.73,0.016356837,River_Seta,R01
59.69,0.084948839,River_Seta,R02
59.98165354,0.084948839,River_Seta,R02
60.27330709,0.105605688,River_Seta,R02
60.56496063,0.15166509,River_Seta,R02
60.85661417,0.204026641,River_Seta,R02
61.14826772,0.247965775,River_Seta,R02
61.43992126,0.276537493,River_Seta,R02
61.7315748,0.289894003,River_Seta,R02
62.02322835,0.296635633,River_Seta,R02
62.31488189,0.303233985,River_Seta,R02
62.60653543,0.305091274,River_Seta,R02
62.89818898,0.297247529,River_Seta,R02
63.18984252,0.283148817,River_Seta,R02
63.48149606,0.270738025,River_Seta,R02
63.77314961,0.262744664,River_Seta,R02
64.06480315,0.257858788,River_Seta,R02
64.35645669,0.255563432,River_Seta,R02
64.64811024,0.255654202,River_Seta,R02
64.93976378,0.258518471,River_Seta,R02
65.23141732,0.263216855,River_Seta,R02
65.52307087,0.268648308,River_Seta,R02
65.81472441,0.276140529,River_Seta,R02
66.10637795,0.287987385,River_Seta,R02
66.3980315,0.304249592,River_Seta,R02
66.68968504,0.321575344,River_Seta,R02
66.98133858,0.338931489,River_Seta,R02
67.27299213,0.359556181,River_Seta,R02
67.56464567,0.386182486,River_Seta,R02
67.85629921,0.419762543,River_Seta,R02
68.14795276,0.458634477,River_Seta,R02
68.4396063,0.497465753,River_Seta,R02
68.73125984,0.532901737,River_Seta,R02
69.02291339,0.565486219,River_Seta,R02
69.31456693,0.595532194,River_Seta,R02
69.60622047,0.622147308,River_Seta,R02
69.89787402,0.644554978,River_Seta,R02
70.18952756,0.663804461,River_Seta,R02
70.4811811,0.681226557,River_Seta,R02
70.77283465,0.69737104,River_Seta,R02
71.06448819,0.712331931,River_Seta,R02
71.35614173,0.72452498,River_Seta,R02
71.64779528,0.732178922,River_Seta,R02
71.93944882,0.736856213,River_Seta,R02
72.23110236,0.740726656,River_Seta,R02
72.52275591,0.74400681,River_Seta,R02
72.81440945,0.744642783,River_Seta,R02
73.10606299,0.741870863,River_Seta,R02
73.39771654,0.736728077,River_Seta,R02
73.68937008,0.728981276,River_Seta,R02
73.98102362,0.720019915,River_Seta,R02
74.27267717,0.715590033,River_Seta,R02
74.56433071,0.718020928,River_Seta,R02
74.85598425,0.723109574,River_Seta,R02
75.1476378,0.726625279,River_Seta,R02
75.43929134,0.728135298,River_Seta,R02
75.73094488,0.727411618,River_Seta,R02
76.02259843,0.724457265,River_Seta,R02
76.31425197,0.720643476,River_Seta,R02
76.60590551,0.717289045,River_Seta,R02
76.89755906,0.718282466,River_Seta,R02
77.1892126,0.724527572,River_Seta,R02
77.48086614,0.737229669,River_Seta,R02
77.77251969,0.760020347,River_Seta,R02
78.06417323,0.789333026,River_Seta,R02
78.35582677,0.820238843,River_Seta,R02
78.64748031,0.850977684,River_Seta,R02
78.93913386,0.876001433,River_Seta,R02
79.2307874,0.889990551,River_Seta,R02
79.52244094,0.898004342,River_Seta,R02
79.81409449,0.911138496,River_Seta,R02
80.10574803,0.941081233,River_Seta,R02
80.39740157,1.000019878,River_Seta,R02
80.68905512,1.097500204,River_Seta,R02
80.98070866,1.248604409,River_Seta,R02
81.2723622,1.474039602,River_Seta,R02
81.56401575,1.792367784,River_Seta,R02
81.85566929,2.222891359,River_Seta,R02
82.14732283,2.778587542,River_Seta,R02
82.43897638,3.426322166,River_Seta,R02
82.73062992,4.054455227,River_Seta,R02
83.02228346,4.493639844,River_Seta,R02
83.31393701,4.577102185,River_Seta,R02
83.60559055,4.278540154,River_Seta,R02
83.89724409,3.775028998,River_Seta,R02
84.18889764,3.245385882,River_Seta,R02
84.48055118,2.697516668,River_Seta,R02
84.77220472,2.063046074,River_Seta,R02
85.06385827,1.383919807,River_Seta,R02
85.35551181,0.796410833,River_Seta,R02
85.64716535,0.381346666,River_Seta,R02
85.9388189,0.136514821,River_Seta,R02
86.23047244,0.021838078,River_Seta,R02
86.52212598,-0.010454868,River_Seta,R02
86.81377953,-0.000800063,River_Seta,R02
87.10543307,0.023138963,River_Seta,R02
87.39708661,0.044829738,River_Seta,R02
87.68874016,0.058686406,River_Seta,R02
87.9803937,0.065289997,River_Seta,R02
88.27204724,0.066341455,River_Seta,R02
88.56370079,0.063650281,River_Seta,R02
88.85535433,0.05912685,River_Seta,R02
89.14700787,0.053995097,River_Seta,R02
89.43866142,0.049779205,River_Seta,R02
89.73031496,0.046672405,River_Seta,R02
90.0219685,0.043588925,River_Seta,R02
90.31362205,0.041367795,River_Seta,R02
90.60527559,0.040051836,River_Seta,R02
90.89692913,0.037466424,River_Seta,R02
91.18858268,0.032841214,River_Seta,R02
91.48023622,0.027737207,River_Seta,R02
91.77188976,0.024434162,River_Seta,R02
92.06354331,0.023577409,River_Seta,R02
92.35519685,0.023166568,River_Seta,R02
92.64685039,0.022077619,River_Seta,R02
92.93850394,0.020315173,River_Seta,R02
93.23015748,0.018595584,River_Seta,R02
93.52181102,0.017725324,River_Seta,R02
93.81346457,0.016875551,River_Seta,R02
94.10511811,0.015410753,River_Seta,R02
94.39677165,0.014210854,River_Seta,R02
94.6884252,0.014292369,River_Seta,R02
94.98007874,0.015012905,River_Seta,R02
95.27173228,0.014927837,River_Seta,R02
95.56338583,0.013758042,River_Seta,R02
95.85503937,0.012151304,River_Seta,R02
96.14669291,0.01086588,River_Seta,R02
96.43834646,0.010433884,River_Seta,R02
96.73,0.010433884,River_Seta,R02
59.69,-0.090262567,River_Seta,R03
59.98165354,-0.090262567,River_Seta,R03
60.27330709,-0.079135437,River_Seta,R03
60.56496063,-0.03049001,River_Seta,R03
60.85661417,0.037517587,River_Seta,R03
61.14826772,0.100099599,River_Seta,R03
61.43992126,0.144386685,River_Seta,R03
61.7315748,0.171438525,River_Seta,R03
62.02322835,0.1827176,River_Seta,R03
62.31488189,0.184668922,River_Seta,R03
62.60653543,0.186792496,River_Seta,R03
62.89818898,0.190821197,River_Seta,R03
63.18984252,0.19266064,River_Seta,R03
63.48149606,0.191874619,River_Seta,R03
63.77314961,0.192432614,River_Seta,R03
64.06480315,0.196943169,River_Seta,R03
64.35645669,0.208091481,River_Seta,R03
64.64811024,0.225844981,River_Seta,R03
64.93976378,0.247277984,River_Seta,R03
65.23141732,0.270239287,River_Seta,R03
65.52307087,0.293843133,River_Seta,R03
65.81472441,0.318456147,River_Seta,R03
66.10637795,0.345203943,River_Seta,R03
66.3980315,0.373905307,River_Seta,R03
66.68968504,0.403884185,River_Seta,R03
66.98133858,0.436854849,River_Seta,R03
67.27299213,0.475119557,River_Seta,R03
67.56464567,0.519065459,River_Seta,R03
67.85629921,0.567201058,River_Seta,R03
68.14795276,0.614954443,River_Seta,R03
68.4396063,0.654637108,River_Seta,R03
68.73125984,0.683372888,River_Seta,R03
69.02291339,0.705874464,River_Seta,R03
69.31456693,0.725912884,River_Seta,R03
69.60622047,0.740907992,River_Seta,R03
69.89787402,0.750016854,River_Seta,R03
70.18952756,0.757012793,River_Seta,R03
70.4811811,0.760648535,River_Seta,R03
70.77283465,0.75831734,River_Seta,R03
71.06448819,0.754350943,River_Seta,R03
71.35614173,0.752190202,River_Seta,R03
71.64779528,0.75083509,River_Seta,R03
71.93944882,0.749328029,River_Seta,R03
72.23110236,0.748571871,River_Seta,R03
72.52275591,0.750366347,River_Seta,R03
72.81440945,0.752123112,River_Seta,R03
73.10606299,0.74823347,River_Seta,R03
73.39771654,0.738818468,River_Seta,R03
73.68937008,0.730639017,River_Seta,R03
73.98102362,0.726991383,River_Seta,R03
74.27267717,0.727384299,River_Seta,R03
74.56433071,0.72909857,River_Seta,R03
74.85598425,0.727602719,River_Seta,R03
75.1476378,0.724365679,River_Seta,R03
75.43929134,0.721852234,River_Seta,R03
75.73094488,0.719596923,River_Seta,R03
76.02259843,0.720790988,River_Seta,R03
76.31425197,0.726422644,River_Seta,R03
76.60590551,0.731739847,River_Seta,R03
76.89755906,0.733566245,River_Seta,R03
77.1892126,0.732975835,River_Seta,R03
77.48086614,0.736736219,River_Seta,R03
77.77251969,0.748309946,River_Seta,R03
78.06417323,0.764167905,River_Seta,R03
78.35582677,0.787148118,River_Seta,R03
78.64748031,0.825325128,River_Seta,R03
78.93913386,0.884827799,River_Seta,R03
79.2307874,0.972957698,River_Seta,R03
79.52244094,1.096567799,River_Seta,R03
79.81409449,1.254189213,River_Seta,R03
80.10574803,1.438484499,River_Seta,R03
80.39740157,1.643783845,River_Seta,R03
80.68905512,1.859184564,River_Seta,R03
80.98070866,2.077090253,River_Seta,R03
81.2723622,2.306096912,River_Seta,R03
81.56401575,2.556661417,River_Seta,R03
81.85566929,2.831439764,River_Seta,R03
82.14732283,3.125899319,River_Seta,R03
82.43897638,3.409603854,River_Seta,R03
82.73062992,3.608470211,River_Seta,R03
83.02228346,3.62194198,River_Seta,R03
83.31393701,3.360915161,River_Seta,R03
83.60559055,2.820085733,River_Seta,R03
83.89724409,2.124077868,River_Seta,R03
84.18889764,1.438632063,River_Seta,R03
84.48055118,0.866142473,River_Seta,R03
84.77220472,0.442927955,River_Seta,R03
85.06385827,0.169424624,River_Seta,R03
85.35551181,0.023545761,River_Seta,R03
85.64716535,-0.032741874,River_Seta,R03
85.9388189,-0.038964294,River_Seta,R03
86.23047244,-0.024304814,River_Seta,R03
86.52212598,-0.004808195,River_Seta,R03
86.81377953,0.01259978,River_Seta,R03
87.10543307,0.02497404,River_Seta,R03
87.39708661,0.031554909,River_Seta,R03
87.68874016,0.032826986,River_Seta,R03
87.9803937,0.029952918,River_Seta,R03
88.27204724,0.026254392,River_Seta,R03
88.56370079,0.025361864,River_Seta,R03
88.85535433,0.026995311,River_Seta,R03
89.14700787,0.028041297,River_Seta,R03
89.43866142,0.027237783,River_Seta,R03
89.73031496,0.02567071,River_Seta,R03
90.0219685,0.024233775,River_Seta,R03
90.31362205,0.024213334,River_Seta,R03
90.60527559,0.025772086,River_Seta,R03
90.89692913,0.02664277,River_Seta,R03
91.18858268,0.025270033,River_Seta,R03
91.48023622,0.022527194,River_Seta,R03
91.77188976,0.020354833,River_Seta,R03
92.06354331,0.020280349,River_Seta,R03
92.35519685,0.021748755,River_Seta,R03
92.64685039,0.022217952,River_Seta,R03
92.93850394,0.020243025,River_Seta,R03
93.23015748,0.017011825,River_Seta,R03
93.52181102,0.01430528,River_Seta,R03
93.81346457,0.012698568,River_Seta,R03
94.10511811,0.012243808,River_Seta,R03
94.39677165,0.012293367,River_Seta,R03
94.6884252,0.012164925,River_Seta,R03
94.98007874,0.012234264,River_Seta,R03
95.27173228,0.012994479,River_Seta,R03
95.56338583,0.014664763,River_Seta,R03
95.85503937,0.016767265,River_Seta,R03
96.14669291,0.018022081,River_Seta,R03
96.43834646,0.017898473,River_Seta,R03
96.73,0.017898473,River_Seta,R03
59.69,0.007225669,Sea_Nagahama,R01
59.98165354,0.007225669,Sea_Nagahama,R01
60.27330709,0.018334973,Sea_Nagahama,R01
60.56496063,0.065253384,Sea_Nagahama,R01
60.85661417,0.130326351,Sea_Nagahama,R01
61.14826772,0.189333157,Sea_Nagahama,R01
61.43992126,0.228041732,Sea_Nagahama,R01
61.7315748,0.247050384,Sea_Nagahama,R01
62.02322835,0.248787682,Sea_Nagahama,R01
62.31488189,0.236833831,Sea_Nagahama,R01
62.60653543,0.220484486,Sea_Nagahama,R01
62.89818898,0.207259583,Sea_Nagahama,R01
63.18984252,0.197086244,Sea_Nagahama,R01
63.48149606,0.186076243,Sea_Nagahama,R01
63.77314961,0.173450399,Sea_Nagahama,R01
64.06480315,0.16150535,Sea_Nagahama,R01
64.35645669,0.150066433,Sea_Nagahama,R01
64.64811024,0.135845567,Sea_Nagahama,R01
64.93976378,0.119716228,Sea_Nagahama,R01
65.23141732,0.106977264,Sea_Nagahama,R01
65.52307087,0.102151897,Sea_Nagahama,R01
65.81472441,0.10869568,Sea_Nagahama,R01
66.10637795,0.12488184,Sea_Nagahama,R01
66.3980315,0.142712801,Sea_Nagahama,R01
66.68968504,0.157573958,Sea_Nagahama,R01
66.98133858,0.172137199,Sea_Nagahama,R01
67.27299213,0.191693702,Sea_Nagahama,R01
67.56464567,0.218342321,Sea_Nagahama,R01
67.85629921,0.248730496,Sea_Nagahama,R01
68.14795276,0.282126104,Sea_Nagahama,R01
68.4396063,0.319503364,Sea_Nagahama,R01
68.73125984,0.357754377,Sea_Nagahama,R01
69.02291339,0.394962533,Sea_Nagahama,R01
69.31456693,0.434067211,Sea_Nagahama,R01
69.60622047,0.47759017,Sea_Nagahama,R01
69.89787402,0.524655681,Sea_Nagahama,R01
70.18952756,0.5702208,Sea_Nagahama,R01
70.4811811,0.607788418,Sea_Nagahama,R01
70.77283465,0.639178093,Sea_Nagahama,R01
71.06448819,0.670377933,Sea_Nagahama,R01
71.35614173,0.702536572,Sea_Nagahama,R01
71.64779528,0.73437899,Sea_Nagahama,R01
71.93944882,0.765322392,Sea_Nagahama,R01
72.23110236,0.793391105,Sea_Nagahama,R01
72.52275591,0.814304939,Sea_Nagahama,R01
72.81440945,0.825837494,Sea_Nagahama,R01
73.10606299,0.831508922,Sea_Nagahama,R01
73.39771654,0.834667926,Sea_Nagahama,R01
73.68937008,0.836962076,Sea_Nagahama,R01
73.98102362,0.840773162,Sea_Nagahama,R01
74.27267717,0.846872666,Sea_Nagahama,R01
74.56433071,0.85361718,Sea_Nagahama,R01
74.85598425,0.860607528,Sea_Nagahama,R01
75.1476378,0.868296875,Sea_Nagahama,R01
75.43929134,0.873694231,Sea_Nagahama,R01
75.73094488,0.874035649,Sea_Nagahama,R01
76.02259843,0.870561865,Sea_Nagahama,R01
76.31425197,0.8661656,Sea_Nagahama,R01
76.60590551,0.864291423,Sea_Nagahama,R01
76.89755906,0.869242525,Sea_Nagahama,R01
77.1892126,0.884217971,Sea_Nagahama,R01
77.48086614,0.910714351,Sea_Nagahama,R01
77.77251969,0.947435035,Sea_Nagahama,R01
78.06417323,0.993620057,Sea_Nagahama,R01
78.35582677,1.054979048,Sea_Nagahama,R01
78.64748031,1.134525684,Sea_Nagahama,R01
78.93913386,1.231152986,Sea_Nagahama,R01
79.2307874,1.348130487,Sea_Nagahama,R01
79.52244094,1.487591892,Sea_Nagahama,R01
79.81409449,1.644013136,Sea_Nagahama,R01
80.10574803,1.812851408,Sea_Nagahama,R01
80.39740157,1.99951657,Sea_Nagahama,R01
80.68905512,2.204429681,Sea_Nagahama,R01
80.98070866,2.42291622,Sea_Nagahama,R01
81.2723622,2.646790491,Sea_Nagahama,R01
81.56401575,2.854054891,Sea_Nagahama,R01
81.85566929,3.029683083,Sea_Nagahama,R01
82.14732283,3.187498271,Sea_Nagahama,R01
82.43897638,3.355594051,Sea_Nagahama,R01
82.73062992,3.547805095,Sea_Nagahama,R01
83.02228346,3.741123579,Sea_Nagahama,R01
83.31393701,3.849572538,Sea_Nagahama,R01
83.60559055,3.737847654,Sea_Nagahama,R01
83.89724409,3.324412655,Sea_Nagahama,R01
84.18889764,2.67247826,Sea_Nagahama,R01
84.48055118,1.947467153,Sea_Nagahama,R01
84.77220472,1.294780289,Sea_Nagahama,R01
85.06385827,0.783625462,Sea_Nagahama,R01
85.35551181,0.426950074,Sea_Nagahama,R01
85.64716535,0.205004759,Sea_Nagahama,R01
85.9388189,0.08402302,Sea_Nagahama,R01
86.23047244,0.028378278,Sea_Nagahama,R01
86.52212598,0.007969474,Sea_Nagahama,R01
86.81377953,0.003845847,Sea_Nagahama,R01
87.10543307,0.006503263,Sea_Nagahama,R01
87.39708661,0.011891368,Sea_Nagahama,R01
87.68874016,0.018045181,Sea_Nagahama,R01
87.9803937,0.022750355,Sea_Nagahama,R01
88.27204724,0.024946733,Sea_Nagahama,R01
88.56370079,0.025376673,Sea_Nagahama,R01
88.85535433,0.025912714,Sea_Nagahama,R01
89.14700787,0.02716049,Sea_Nagahama,R01
89.43866142,0.027737743,Sea_Nagahama,R01
89.73031496,0.026940689,Sea_Nagahama,R01
90.0219685,0.025546465,Sea_Nagahama,R01
90.31362205,0.024277363,Sea_Nagahama,R01
90.60527559,0.023266918,Sea_Nagahama,R01
90.89692913,0.022138267,Sea_Nagahama,R01
91.18858268,0.021003065,Sea_Nagahama,R01
91.48023622,0.020990835,Sea_Nagahama,R01
91.77188976,0.021934432,Sea_Nagahama,R01
92.06354331,0.022154084,Sea_Nagahama,R01
92.35519685,0.021193311,Sea_Nagahama,R01
92.64685039,0.020013667,Sea_Nagahama,R01
92.93850394,0.018677146,Sea_Nagahama,R01
93.23015748,0.016896972,Sea_Nagahama,R01
93.52181102,0.015008273,Sea_Nagahama,R01
93.81346457,0.013721911,Sea_Nagahama,R01
94.10511811,0.014355727,Sea_Nagahama,R01
94.39677165,0.016060859,Sea_Nagahama,R01
94.6884252,0.016906721,Sea_Nagahama,R01
94.98007874,0.016933056,Sea_Nagahama,R01
95.27173228,0.01676801,Sea_Nagahama,R01
95.56338583,0.016953797,Sea_Nagahama,R01
95.85503937,0.016887298,Sea_Nagahama,R01
96.14669291,0.016458333,Sea_Nagahama,R01
96.43834646,0.016989646,Sea_Nagahama,R01
96.73,0.016989646,Sea_Nagahama,R01
59.69,-0.048588503,Sea_Nagahama,R02
59.98165354,-0.048588503,Sea_Nagahama,R02
60.27330709,-0.043766079,Sea_Nagahama,R02
60.56496063,-0.016365863,Sea_Nagahama,R02
60.85661417,0.021420029,Sea_Nagahama,R02
61.14826772,0.05711492,Sea_Nagahama,R02
61.43992126,0.08232069,Sea_Nagahama,R02
61.7315748,0.095022553,Sea_Nagahama,R02
62.02322835,0.099618728,Sea_Nagahama,R02
62.31488189,0.100981967,Sea_Nagahama,R02
62.60653543,0.100226543,Sea_Nagahama,R02
62.89818898,0.097688608,Sea_Nagahama,R02
63.18984252,0.095208142,Sea_Nagahama,R02
63.48149606,0.093500984,Sea_Nagahama,R02
63.77314961,0.091941355,Sea_Nagahama,R02
64.06480315,0.091800663,Sea_Nagahama,R02
64.35645669,0.093780163,Sea_Nagahama,R02
64.64811024,0.097206321,Sea_Nagahama,R02
64.93976378,0.106588952,Sea_Nagahama,R02
65.23141732,0.125851468,Sea_Nagahama,R02
65.52307087,0.150029514,Sea_Nagahama,R02
65.81472441,0.173526263,Sea_Nagahama,R02
66.10637795,0.193216056,Sea_Nagahama,R02
66.3980315,0.209387815,Sea_Nagahama,R02
66.68968504,0.227420669,Sea_Nagahama,R02
66.98133858,0.251028497,Sea_Nagahama,R02
67.27299213,0.278298221,Sea_Nagahama,R02
67.56464567,0.303512876,Sea_Nagahama,R02
67.85629921,0.324603762,Sea_Nagahama,R02
68.14795276,0.344961744,Sea_Nagahama,R02
68.4396063,0.36560538,Sea_Nagahama,R02
68.73125984,0.383561756,Sea_Nagahama,R02
69.02291339,0.396676436,Sea_Nagahama,R02
69.31456693,0.40483285,Sea_Nagahama,R02
69.60622047,0.409951658,Sea_Nagahama,R02
69.89787402,0.414900898,Sea_Nagahama,R02
70.18952756,0.418610799,Sea_Nagahama,R02
70.4811811,0.419710304,Sea_Nagahama,R02
70.77283465,0.419873284,Sea_Nagahama,R02
71.06448819,0.418904434,Sea_Nagahama,R02
71.35614173,0.417059567,Sea_Nagahama,R02
71.64779528,0.416077411,Sea_Nagahama,R02
71.93944882,0.414798535,Sea_Nagahama,R02
72.23110236,0.411091563,Sea_Nagahama,R02
72.52275591,0.404767864,Sea_Nagahama,R02
72.81440945,0.398725713,Sea_Nagahama,R02
73.10606299,0.396048471,Sea_Nagahama,R02
73.39771654,0.395607029,Sea_Nagahama,R02
73.68937008,0.395318507,Sea_Nagahama,R02
73.98102362,0.395704217,Sea_Nagahama,R02
74.27267717,0.396992686,Sea_Nagahama,R02
74.56433071,0.397553571,Sea_Nagahama,R02
74.85598425,0.396894998,Sea_Nagahama,R02
75.1476378,0.3947203,Sea_Nagahama,R02
75.43929134,0.391379535,Sea_Nagahama,R02
75.73094488,0.387573459,Sea_Nagahama,R02
76.02259843,0.383188484,Sea_Nagahama,R02
76.31425197,0.377908005,Sea_Nagahama,R02
76.60590551,0.371258376,Sea_Nagahama,R02
76.89755906,0.365813663,Sea_Nagahama,R02
77.1892126,0.365346619,Sea_Nagahama,R02
77.48086614,0.370334077,Sea_Nagahama,R02
77.77251969,0.379186745,Sea_Nagahama,R02
78.06417323,0.392257787,Sea_Nagahama,R02
78.35582677,0.411943987,Sea_Nagahama,R02
78.64748031,0.43853052,Sea_Nagahama,R02
78.93913386,0.470985126,Sea_Nagahama,R02
79.2307874,0.509342711,Sea_Nagahama,R02
79.52244094,0.554947671,Sea_Nagahama,R02
79.81409449,0.609517779,Sea_Nagahama,R02
80.10574803,0.674685205,Sea_Nagahama,R02
80.39740157,0.752838291,Sea_Nagahama,R02
80.68905512,0.843486537,Sea_Nagahama,R02
80.98070866,0.942911885,Sea_Nagahama,R02
81.2723622,1.046983764,Sea_Nagahama,R02
81.56401575,1.149259304,Sea_Nagahama,R02
81.85566929,1.244681576,Sea_Nagahama,R02
82.14732283,1.338228473,Sea_Nagahama,R02
82.43897638,1.438887739,Sea_Nagahama,R02
82.73062992,1.54352189,Sea_Nagahama,R02
83.02228346,1.626815269,Sea_Nagahama,R02
83.31393701,1.638360593,Sea_Nagahama,R02
83.60559055,1.520308422,Sea_Nagahama,R02
83.89724409,1.259325346,Sea_Nagahama,R02
84.18889764,0.916095303,Sea_Nagahama,R02
84.48055118,0.581538041,Sea_Nagahama,R02
84.77220472,0.31584737,Sea_Nagahama,R02
85.06385827,0.135414349,Sea_Nagahama,R02
85.35551181,0.031472695,Sea_Nagahama,R02
85.64716535,-0.01513431,Sea_Nagahama,R02
85.9388189,-0.025162765,Sea_Nagahama,R02
86.23047244,-0.016246134,Sea_Nagahama,R02
86.52212598,-0.002073926,Sea_Nagahama,R02
86.81377953,0.009373442,Sea_Nagahama,R02
87.10543307,0.016140048,Sea_Nagahama,R02
87.39708661,0.01949181,Sea_Nagahama,R02
87.68874016,0.021542249,Sea_Nagahama,R02
87.9803937,0.022906606,Sea_Nagahama,R02
88.27204724,0.02268117,Sea_Nagahama,R02
88.56370079,0.021033408,Sea_Nagahama,R02
88.85535433,0.019435376,Sea_Nagahama,R02
89.14700787,0.019008626,Sea_Nagahama,R02
89.43866142,0.020127956,Sea_Nagahama,R02
89.73031496,0.021324,Sea_Nagahama,R02
90.0219685,0.020175831,Sea_Nagahama,R02
90.31362205,0.017029976,Sea_Nagahama,R02
90.60527559,0.01432663,Sea_Nagahama,R02
90.89692913,0.013571902,Sea_Nagahama,R02
91.18858268,0.013824585,Sea_Nagahama,R02
91.48023622,0.013943085,Sea_Nagahama,R02
91.77188976,0.014302075,Sea_Nagahama,R02
92.06354331,0.015071463,Sea_Nagahama,R02
92.35519685,0.015780246,Sea_Nagahama,R02
92.64685039,0.015026458,Sea_Nagahama,R02
92.93850394,0.012538722,Sea_Nagahama,R02
93.23015748,0.009976497,Sea_Nagahama,R02
93.52181102,0.009173914,Sea_Nagahama,R02
93.81346457,0.010803907,Sea_Nagahama,R02
94.10511811,0.01353248,Sea_Nagahama,R02
94.39677165,0.015480946,Sea_Nagahama,R02
94.6884252,0.01621843,Sea_Nagahama,R02
94.98007874,0.016196477,Sea_Nagahama,R02
95.27173228,0.015475857,Sea_Nagahama,R02
95.56338583,0.01427429,Sea_Nagahama,R02
95.85503937,0.013117584,Sea_Nagahama,R02
96.14669291,0.012455182,Sea_Nagahama,R02
96.43834646,0.01202474,Sea_Nagahama,R02
96.73,0.01202474,Sea_Nagahama,R02
59.69,-0.003381436,Sea_Nagahama,R03
59.98165354,-0.003381436,Sea_Nagahama,R03
60.27330709,0.006133917,Sea_Nagahama,R03
60.56496063,0.048188018,Sea_Nagahama,R03
60.85661417,0.106520642,Sea_Nagahama,R03
61.14826772,0.161838363,Sea_Nagahama,R03
61.43992126,0.203895374,Sea_Nagahama,R03
61.7315748,0.23050414,Sea_Nagahama,R03
62.02322835,0.240891061,Sea_Nagahama,R03
62.31488189,0.237758493,Sea_Nagahama,R03
62.60653543,0.227117491,Sea_Nagahama,R03
62.89818898,0.210687863,Sea_Nagahama,R03
63.18984252,0.194523431,Sea_Nagahama,R03
63.48149606,0.18713116,Sea_Nagahama,R03
63.77314961,0.184213729,Sea_Nagahama,R03
64.06480315,0.17896278,Sea_Nagahama,R03
64.35645669,0.171224992,Sea_Nagahama,R03
64.64811024,0.163129699,Sea_Nagahama,R03
64.93976378,0.157569865,Sea_Nagahama,R03
65.23141732,0.155817288,Sea_Nagahama,R03
65.52307087,0.155538269,Sea_Nagahama,R03
65.81472441,0.154854524,Sea_Nagahama,R03
66.10637795,0.156367832,Sea_Nagahama,R03
66.3980315,0.163571332,Sea_Nagahama,R03
66.68968504,0.177008292,Sea_Nagahama,R03
66.98133858,0.194691072,Sea_Nagahama,R03
67.27299213,0.213847496,Sea_Nagahama,R03
67.56464567,0.231848898,Sea_Nagahama,R03
67.85629921,0.246623636,Sea_Nagahama,R03
68.14795276,0.261205567,Sea_Nagahama,R03
68.4396063,0.278669948,Sea_Nagahama,R03
68.73125984,0.298915248,Sea_Nagahama,R03
69.02291339,0.32213012,Sea_Nagahama,R03
69.31456693,0.347659123,Sea_Nagahama,R03
69.60622047,0.376646701,Sea_Nagahama,R03
69.89787402,0.409084436,Sea_Nagahama,R03
70.18952756,0.442221119,Sea_Nagahama,R03
70.4811811,0.471090967,Sea_Nagahama,R03
70.77283465,0.491679196,Sea_Nagahama,R03
71.06448819,0.510163786,Sea_Nagahama,R03
71.35614173,0.533525698,Sea_Nagahama,R03
71.64779528,0.558727832,Sea_Nagahama,R03
71.93944882,0.58056851,Sea_Nagahama,R03
72.23110236,0.600515723,Sea_Nagahama,R03
72.52275591,0.621836228,Sea_Nagahama,R03
72.81440945,0.641241258,Sea_Nagahama,R03
73.10606299,0.655217059,Sea_Nagahama,R03
73.39771654,0.668064626,Sea_Nagahama,R03
73.68937008,0.685126986,Sea_Nagahama,R03
73.98102362,0.704982248,Sea_Nagahama,R03
74.27267717,0.722106689,Sea_Nagahama,R03
74.56433071,0.733067787,Sea_Nagahama,R03
74.85598425,0.741813055,Sea_Nagahama,R03
75.1476378,0.751917791,Sea_Nagahama,R03
75.43929134,0.759635053,Sea_Nagahama,R03
75.73094488,0.759875308,Sea_Nagahama,R03
76.02259843,0.753544704,Sea_Nagahama,R03
76.31425197,0.744398543,Sea_Nagahama,R03
76.60590551,0.732352497,Sea_Nagahama,R03
76.89755906,0.719229729,Sea_Nagahama,R03
77.1892126,0.709476192,Sea_Nagahama,R03
77.48086614,0.705019188,Sea_Nagahama,R03
77.77251969,0.70555829,Sea_Nagahama,R03
78.06417323,0.71212801,Sea_Nagahama,R03
78.35582677,0.728204869,Sea_Nagahama,R03
78.64748031,0.757940025,Sea_Nagahama,R03
78.93913386,0.804590985,Sea_Nagahama,R03
79.2307874,0.868768749,Sea_Nagahama,R03
79.52244094,0.947457406,Sea_Nagahama,R03
79.81409449,1.03885841,Sea_Nagahama,R03
80.10574803,1.144386434,Sea_Nagahama,R03
80.39740157,1.264941948,Sea_Nagahama,R03
80.68905512,1.398211104,Sea_Nagahama,R03
80.98070866,1.541074346,Sea_Nagahama,R03
81.2723622,1.689675567,Sea_Nagahama,R03
81.56401575,1.837755542,Sea_Nagahama,R03
81.85566929,1.98770429,Sea_Nagahama,R03
82.14732283,2.161318214,Sea_Nagahama,R03
82.43897638,2.381819743,Sea_Nagahama,R03
82.73062992,2.645781733,Sea_Nagahama,R03
83.02228346,2.910411783,Sea_Nagahama,R03
83.31393701,3.091792209,Sea_Nagahama,R03
83.60559055,3.08955427,Sea_Nagahama,R03
83.89724409,2.858195435,Sea_Nagahama,R03
84.18889764,2.448891138,Sea_Nagahama,R03
84.48055118,1.962352094,Sea_Nagahama,R03
84.77220472,1.487948979,Sea_Nagahama,R03
85.06385827,1.087427568,Sea_Nagahama,R03
85.35551181,0.792867601,Sea_Nagahama,R03
85.64716535,0.600866541,Sea_Nagahama,R03
85.9388189,0.478788175,Sea_Nagahama,R03
86.23047244,0.380338782,Sea_Nagahama,R03
86.52212598,0.277584389,Sea_Nagahama,R03
86.81377953,0.17836082,Sea_Nagahama,R03
87.10543307,0.100944841,Sea_Nagahama,R03
87.39708661,0.050621421,Sea_Nagahama,R03
87.68874016,0.023427944,Sea_Nagahama,R03
87.9803937,0.013232164,Sea_Nagahama,R03
88.27204724,0.01293733,Sea_Nagahama,R03
88.56370079,0.01644366,Sea_Nagahama,R03
88.85535433,0.019499551,Sea_Nagahama,R03
89.14700787,0.020281122,Sea_Nagahama,R03
89.43866142,0.020227004,Sea_Nagahama,R03
89.73031496,0.020773454,Sea_Nagahama,R03
90.0219685,0.021671774,Sea_Nagahama,R03
90.31362205,0.022167429,Sea_Nagahama,R03
90.60527559,0.021396965,Sea_Nagahama,R03
90.89692913,0.0198588,Sea_Nagahama,R03
91.18858268,0.018724981,Sea_Nagahama,R03
91.48023622,0.018197664,Sea_Nagahama,R03
91.77188976,0.01799335,Sea_Nagahama,R03
92.06354331,0.018185132,Sea_Nagahama,R03
92.35519685,0.018876021,Sea_Nagahama,R03
92.64685039,0.019314001,Sea_Nagahama,R03
92.93850394,0.019483449,Sea_Nagahama,R03
93.23015748,0.019392567,Sea_Nagahama,R03
93.52181102,0.018641775,Sea_Nagahama,R03
93.81346457,0.017632721,Sea_Nagahama,R03
94.10511811,0.016222064,Sea_Nagahama,R03
94.39677165,0.014210217,Sea_Nagahama,R03
94.6884252,0.013199613,Sea_Nagahama,R03
94.98007874,0.014146537,Sea_Nagahama,R03
95.27173228,0.015256924,Sea_Nagahama,R03
95.56338583,0.014820658,Sea_Nagahama,R03
95.85503937,0.012716667,Sea_Nagahama,R03
96.14669291,0.009411943,Sea_Nagahama,R03
96.43834646,0.005962241,Sea_Nagahama,R03
96.73,0.005962241,Sea_Nagahama,R03
59.69,0.112729299,Sea_Otomi,R01
59.98165354,0.112729299,Sea_Otomi,R01
60.27330709,0.122114172,Sea_Otomi,R01
60.56496063,0.161046701,Sea_Otomi,R01
60.85661417,0.218299075,Sea_Otomi,R01
61.14826772,0.275991807,Sea_Otomi,R01
61.43992126,0.319992454,Sea_Otomi,R01
61.7315748,0.343888697,Sea_Otomi,R01
62.02322835,0.348176491,Sea_Otomi,R01
62.31488189,0.339053565,Sea_Otomi,R01
62.60653543,0.322977706,Sea_Otomi,R01
62.89818898,0.302024605,Sea_Otomi,R01
63.18984252,0.281559796,Sea_Otomi,R01
63.48149606,0.267324808,Sea_Otomi,R01
63.77314961,0.259210179,Sea_Otomi,R01
64.06480315,0.255869048,Sea_Otomi,R01
64.35645669,0.258115422,Sea_Otomi,R01
64.64811024,0.266951929,Sea_Otomi,R01
64.93976378,0.278117441,Sea_Otomi,R01
65.23141732,0.286084034,Sea_Otomi,R01
65.52307087,0.289065157,Sea_Otomi,R01
65.81472441,0.291386244,Sea_Otomi,R01
66.10637795,0.297585544,Sea_Otomi,R01
66.3980315,0.306180881,Sea_Otomi,R01
66.68968504,0.315998738,Sea_Otomi,R01
66.98133858,0.330553917,Sea_Otomi,R01
67.27299213,0.353910585,Sea_Otomi,R01
67.56464567,0.388331728,Sea_Otomi,R01
67.85629921,0.430981722,Sea_Otomi,R01
68.14795276,0.475242961,Sea_Otomi,R01
68.4396063,0.51963557,Sea_Otomi,R01
68.73125984,0.565005463,Sea_Otomi,R01
69.02291339,0.610066281,Sea_Otomi,R01
69.31456693,0.65522435,Sea_Otomi,R01
69.60622047,0.697901326,Sea_Otomi,R01
69.89787402,0.732705701,Sea_Otomi,R01
70.18952756,0.759277004,Sea_Otomi,R01
70.4811811,0.777646549,Sea_Otomi,R01
70.77283465,0.789977884,Sea_Otomi,R01
71.06448819,0.801527382,Sea_Otomi,R01
71.35614173,0.813210674,Sea_Otomi,R01
71.64779528,0.826516861,Sea_Otomi,R01
71.93944882,0.839024262,Sea_Otomi,R01
72.23110236,0.848596616,Sea_Otomi,R01
72.52275591,0.859454281,Sea_Otomi,R01
72.81440945,0.869500321,Sea_Otomi,R01
73.10606299,0.874810075,Sea_Otomi,R01
73.39771654,0.874709564,Sea_Otomi,R01
73.68937008,0.870421363,Sea_Otomi,R01
73.98102362,0.863859831,Sea_Otomi,R01
74.27267717,0.857168076,Sea_Otomi,R01
74.56433071,0.851759924,Sea_Otomi,R01
74.85598425,0.846011391,Sea_Otomi,R01
75.1476378,0.83915845,Sea_Otomi,R01
75.43929134,0.832843366,Sea_Otomi,R01
75.73094488,0.828608058,Sea_Otomi,R01
76.02259843,0.827782808,Sea_Otomi,R01
76.31425197,0.828920531,Sea_Otomi,R01
76.60590551,0.826373549,Sea_Otomi,R01
76.89755906,0.817217323,Sea_Otomi,R01
77.1892126,0.805547233,Sea_Otomi,R01
77.48086614,0.796958003,Sea_Otomi,R01
77.77251969,0.791522758,Sea_Otomi,R01
78.06417323,0.789003862,Sea_Otomi,R01
78.35582677,0.790554935,Sea_Otomi,R01
78.64748031,0.796680106,Sea_Otomi,R01
78.93913386,0.807006555,Sea_Otomi,R01
79.2307874,0.819616153,Sea_Otomi,R01
79.52244094,0.837358911,Sea_Otomi,R01
79.81409449,0.868201726,Sea_Otomi,R01
80.10574803,0.9282111,Sea_Otomi,R01
80.39740157,1.044975774,Sea_Otomi,R01
80.68905512,1.248152886,Sea_Otomi,R01
80.98070866,1.56925989,Sea_Otomi,R01
81.2723622,2.028800553,Sea_Otomi,R01
81.56401575,2.615782077,Sea_Otomi,R01
81.85566929,3.295751855,Sea_Otomi,R01
82.14732283,4.035275946,Sea_Otomi,R01
82.43897638,4.795287602,Sea_Otomi,R01
82.73062992,5.491014036,Sea_Otomi,R01
83.02228346,5.982577349,Sea_Otomi,R01
83.31393701,6.120598739,Sea_Otomi,R01
83.60559055,5.812835544,Sea_Otomi,R01
83.89724409,5.044427738,Sea_Otomi,R01
84.18889764,3.894343013,Sea_Otomi,R01
84.48055118,2.595010855,Sea_Otomi,R01
84.77220472,1.446001856,Sea_Otomi,R01
85.06385827,0.623018294,Sea_Otomi,R01
85.35551181,0.137470179,Sea_Otomi,R01
85.64716535,-0.088917565,Sea_Otomi,R01
85.9388189,-0.151762143,Sea_Otomi,R01
86.23047244,-0.128654384,Sea_Otomi,R01
86.52212598,-0.075358383,Sea_Otomi,R01
86.81377953,-0.024958331,Sea_Otomi,R01
87.10543307,0.010525058,Sea_Otomi,R01
87.39708661,0.031074289,Sea_Otomi,R01
87.68874016,0.041876,Sea_Otomi,R01
87.9803937,0.046472417,Sea_Otomi,R01
88.27204724,0.045556815,Sea_Otomi,R01
88.56370079,0.041302817,Sea_Otomi,R01
88.85535433,0.03685125,Sea_Otomi,R01
89.14700787,0.0334079,Sea_Otomi,R01
89.43866142,0.031093402,Sea_Otomi,R01
89.73031496,0.02926974,Sea_Otomi,R01
90.0219685,0.027103916,Sea_Otomi,R01
90.31362205,0.025259886,Sea_Otomi,R01
90.60527559,0.024472757,Sea_Otomi,R01
90.89692913,0.024259298,Sea_Otomi,R01
91.18858268,0.023612944,Sea_Otomi,R01
91.48023622,0.022568813,Sea_Otomi,R01
91.77188976,0.022325507,Sea_Otomi,R01
92.06354331,0.02246573,Sea_Otomi,R01
92.35519685,0.021427291,Sea_Otomi,R01
92.64685039,0.019745198,Sea_Otomi,R01
92.93850394,0.018548892,Sea_Otomi,R01
93.23015748,0.01648365,Sea_Otomi,R01
93.52181102,0.013062069,Sea_Otomi,R01
93.81346457,0.010642503,Sea_Otomi,R01
94.10511811,0.010854114,Sea_Otomi,R01
94.39677165,0.012571049,Sea_Otomi,R01
94.6884252,0.013872271,Sea_Otomi,R01
94.98007874,0.014655333,Sea_Otomi,R01
95.27173228,0.015721103,Sea_Otomi,R01
95.56338583,0.016295373,Sea_Otomi,R01
95.85503937,0.014729146,Sea_Otomi,R01
96.14669291,0.01169844,Sea_Otomi,R01
96.43834646,0.009111029,Sea_Otomi,R01
96.73,0.009111029,Sea_Otomi,R01
59.69,0.046147734,Sea_Otomi,R02
59.98165354,0.046147734,Sea_Otomi,R02
60.27330709,0.06152625,Sea_Otomi,R02
60.56496063,0.10436451,Sea_Otomi,R02
60.85661417,0.16312208,Sea_Otomi,R02
61.14826772,0.218437591,Sea_Otomi,R02
61.43992126,0.256500582,Sea_Otomi,R02
61.7315748,0.277500662,Sea_Otomi,R02
62.02322835,0.285368804,Sea_Otomi,R02
62.31488189,0.282952524,Sea_Otomi,R02
62.60653543,0.278209021,Sea_Otomi,R02
62.89818898,0.276167509,Sea_Otomi,R02
63.18984252,0.269768649,Sea_Otomi,R02
63.48149606,0.256784952,Sea_Otomi,R02
63.77314961,0.243713837,Sea_Otomi,R02
64.06480315,0.233246357,Sea_Otomi,R02
64.35645669,0.224916491,Sea_Otomi,R02
64.64811024,0.218291525,Sea_Otomi,R02
64.93976378,0.213469615,Sea_Otomi,R02
65.23141732,0.21200976,Sea_Otomi,R02
65.52307087,0.214227161,Sea_Otomi,R02
65.81472441,0.215676584,Sea_Otomi,R02
66.10637795,0.218203897,Sea_Otomi,R02
66.3980315,0.227414564,Sea_Otomi,R02
66.68968504,0.240419744,Sea_Otomi,R02
66.98133858,0.254016363,Sea_Otomi,R02
67.27299213,0.265785698,Sea_Otomi,R02
67.56464567,0.275533476,Sea_Otomi,R02
67.85629921,0.28917789,Sea_Otomi,R02
68.14795276,0.311485088,Sea_Otomi,R02
68.4396063,0.341897767,Sea_Otomi,R02
68.73125984,0.37583456,Sea_Otomi,R02
69.02291339,0.407027373,Sea_Otomi,R02
69.31456693,0.433489459,Sea_Otomi,R02
69.60622047,0.459382863,Sea_Otomi,R02
69.89787402,0.487150608,Sea_Otomi,R02
70.18952756,0.517991142,Sea_Otomi,R02
70.4811811,0.549809263,Sea_Otomi,R02
70.77283465,0.574333047,Sea_Otomi,R02
71.06448819,0.590917226,Sea_Otomi,R02
71.35614173,0.608426219,Sea_Otomi,R02
71.64779528,0.629490741,Sea_Otomi,R02
71.93944882,0.652187219,Sea_Otomi,R02
72.23110236,0.678071662,Sea_Otomi,R02
72.52275591,0.703676289,Sea_Otomi,R02
72.81440945,0.721755238,Sea_Otomi,R02
73.10606299,0.731220087,Sea_Otomi,R02
73.39771654,0.736015646,Sea_Otomi,R02
73.68937008,0.740285469,Sea_Otomi,R02
73.98102362,0.744642743,Sea_Otomi,R02
74.27267717,0.746798224,Sea_Otomi,R02
74.56433071,0.74592797,Sea_Otomi,R02
74.85598425,0.744365164,Sea_Otomi,R02
75.1476378,0.745378654,Sea_Otomi,R02
75.43929134,0.749276042,Sea_Otomi,R02
75.73094488,0.752291067,Sea_Otomi,R02
76.02259843,0.752363012,Sea_Otomi,R02
76.31425197,0.749607809,Sea_Otomi,R02
76.60590551,0.745108176,Sea_Otomi,R02
76.89755906,0.741880196,Sea_Otomi,R02
77.1892126,0.742172857,Sea_Otomi,R02
77.48086614,0.749231723,Sea_Otomi,R02
77.77251969,0.763964348,Sea_Otomi,R02
78.06417323,0.780718594,Sea_Otomi,R02
78.35582677,0.796539644,Sea_Otomi,R02
78.64748031,0.813780737,Sea_Otomi,R02
78.93913386,0.833984495,Sea_Otomi,R02
79.2307874,0.854937921,Sea_Otomi,R02
79.52244094,0.869886448,Sea_Otomi,R02
79.81409449,0.876127224,Sea_Otomi,R02
80.10574803,0.878404384,Sea_Otomi,R02
80.39740157,0.888511325,Sea_Otomi,R02
80.68905512,0.928373471,Sea_Otomi,R02
80.98070866,1.029494146,Sea_Otomi,R02
81.2723622,1.222717322,Sea_Otomi,R02
81.56401575,1.534389354,Sea_Otomi,R02
81.85566929,1.98667182,Sea_Otomi,R02
82.14732283,2.586979227,Sea_Otomi,R02
82.43897638,3.296541976,Sea_Otomi,R02
82.73062992,4.005968903,Sea_Otomi,R02
83.02228346,4.570553539,Sea_Otomi,R02
83.31393701,4.878603746,Sea_Otomi,R02
83.60559055,4.871406151,Sea_Otomi,R02
83.89724409,4.512488981,Sea_Otomi,R02
84.18889764,3.806659103,Sea_Otomi,R02
84.48055118,2.875554033,Sea_Otomi,R02
84.77220472,1.921825181,Sea_Otomi,R02
85.06385827,1.10917275,Sea_Otomi,R02
85.35551181,0.519148713,Sea_Otomi,R02
85.64716535,0.157364302,Sea_Otomi,R02
85.9388189,-0.021582401,Sea_Otomi,R02
86.23047244,-0.077917743,Sea_Otomi,R02
86.52212598,-0.066906451,Sea_Otomi,R02
86.81377953,-0.030081913,Sea_Otomi,R02
87.10543307,0.008058005,Sea_Otomi,R02
87.39708661,0.036261178,Sea_Otomi,R02
87.68874016,0.052955119,Sea_Otomi,R02
87.9803937,0.059564661,Sea_Otomi,R02
88.27204724,0.057875055,Sea_Otomi,R02
88.56370079,0.052016191,Sea_Otomi,R02
88.85535433,0.045790871,Sea_Otomi,R02
89.14700787,0.040523146,Sea_Otomi,R02
89.43866142,0.03706716,Sea_Otomi,R02
89.73031496,0.0354582,Sea_Otomi,R02
90.0219685,0.034322549,Sea_Otomi,R02
90.31362205,0.033122955,Sea_Otomi,R02
90.60527559,0.031810114,Sea_Otomi,R02
90.89692913,0.029560061,Sea_Otomi,R02
91.18858268,0.026464463,Sea_Otomi,R02
91.48023622,0.023015401,Sea_Otomi,R02
91.77188976,0.02011864,Sea_Otomi,R02
92.06354331,0.019385537,Sea_Otomi,R02
92.35519685,0.020272096,Sea_Otomi,R02
92.64685039,0.020555717,Sea_Otomi,R02
92.93850394,0.019249278,Sea_Otomi,R02
93.23015748,0.017057832,Sea_Otomi,R02
93.52181102,0.01526548,Sea_Otomi,R02
93.81346457,0.014866344,Sea_Otomi,R02
94.10511811,0.015843206,Sea_Otomi,R02
94.39677165,0.017407575,Sea_Otomi,R02
94.6884252,0.018527702,Sea_Otomi,R02
94.98007874,0.017865106,Sea_Otomi,R02
95.27173228,0.015554812,Sea_Otomi,R02
95.56338583,0.013238188,Sea_Otomi,R02
95.85503937,0.011409262,Sea_Otomi,R02
96.14669291,0.009900892,Sea_Otomi,R02
96.43834646,0.008890805,Sea_Otomi,R02
96.73,0.008890805,Sea_Otomi,R02
59.69,0.069827394,Sea_Otomi,R03
59.98165354,0.069827394,Sea_Otomi,R03
60.27330709,0.092025626,Sea_Otomi,R03
60.56496063,0.134771659,Sea_Otomi,R03
60.85661417,0.182673234,Sea_Otomi,R03
61.14826772,0.225157245,Sea_Otomi,R03
61.43992126,0.257346123,Sea_Otomi,R03
61.7315748,0.276459979,Sea_Otomi,R03
62.02322835,0.280646332,Sea_Otomi,R03
62.31488189,0.27102741,Sea_Otomi,R03
62.60653543,0.256924962,Sea_Otomi,R03
62.89818898,0.244006628,Sea_Otomi,R03
63.18984252,0.233817269,Sea_Otomi,R03
63.48149606,0.227361099,Sea_Otomi,R03
63.77314961,0.22177309,Sea_Otomi,R03
64.06480315,0.216684855,Sea_Otomi,R03
64.35645669,0.213083659,Sea_Otomi,R03
64.64811024,0.212491812,Sea_Otomi,R03
64.93976378,0.216037025,Sea_Otomi,R03
65.23141732,0.221767346,Sea_Otomi,R03
65.52307087,0.225727217,Sea_Otomi,R03
65.81472441,0.225504667,Sea_Otomi,R03
66.10637795,0.22408289,Sea_Otomi,R03
66.3980315,0.22535724,Sea_Otomi,R03
66.68968504,0.229004518,Sea_Otomi,R03
66.98133858,0.234025221,Sea_Otomi,R03
67.27299213,0.245100412,Sea_Otomi,R03
67.56464567,0.266349468,Sea_Otomi,R03
67.85629921,0.29496424,Sea_Otomi,R03
68.14795276,0.329343377,Sea_Otomi,R03
68.4396063,0.368299539,Sea_Otomi,R03
68.73125984,0.406939302,Sea_Otomi,R03
69.02291339,0.440354124,Sea_Otomi,R03
69.31456693,0.467753668,Sea_Otomi,R03
69.60622047,0.491481925,Sea_Otomi,R03
69.89787402,0.512087133,Sea_Otomi,R03
70.18952756,0.533928512,Sea_Otomi,R03
70.4811811,0.562081122,Sea_Otomi,R03
70.77283465,0.591448277,Sea_Otomi,R03
71.06448819,0.616574092,Sea_Otomi,R03
71.35614173,0.63854888,Sea_Otomi,R03
71.64779528,0.65662189,Sea_Otomi,R03
71.93944882,0.668496307,Sea_Otomi,R03
72.23110236,0.677740947,Sea_Otomi,R03
72.52275591,0.68947609,Sea_Otomi,R03
72.81440945,0.701882538,Sea_Otomi,R03
73.10606299,0.710702726,Sea_Otomi,R03
73.39771654,0.716149931,Sea_Otomi,R03
73.68937008,0.719350537,Sea_Otomi,R03
73.98102362,0.720000596,Sea_Otomi,R03
74.27267717,0.721307017,Sea_Otomi,R03
74.56433071,0.724967482,Sea_Otomi,R03
74.85598425,0.727089694,Sea_Otomi,R03
75.1476378,0.724059587,Sea_Otomi,R03
75.43929134,0.715308586,Sea_Otomi,R03
75.73094488,0.70383482,Sea_Otomi,R03
76.02259843,0.696652975,Sea_Otomi,R03
76.31425197,0.697689578,Sea_Otomi,R03
76.60590551,0.703985093,Sea_Otomi,R03
76.89755906,0.713739715,Sea_Otomi,R03
77.1892126,0.728449819,Sea_Otomi,R03
77.48086614,0.746728295,Sea_Otomi,R03
77.77251969,0.764385011,Sea_Otomi,R03
78.06417323,0.780837059,Sea_Otomi,R03
78.35582677,0.802451972,Sea_Otomi,R03
78.64748031,0.836892825,Sea_Otomi,R03
78.93913386,0.886789737,Sea_Otomi,R03
79.2307874,0.949494488,Sea_Otomi,R03
79.52244094,1.017676329,Sea_Otomi,R03
79.81409449,1.08003708,Sea_Otomi,R03
80.10574803,1.130004656,Sea_Otomi,R03
80.39740157,1.177332604,Sea_Otomi,R03
80.68905512,1.242608485,Sea_Otomi,R03
80.98070866,1.351787413,Sea_Otomi,R03
81.2723622,1.531798642,Sea_Otomi,R03
81.56401575,1.799439393,Sea_Otomi,R03
81.85566929,2.158796949,Sea_Otomi,R03
82.14732283,2.602545778,Sea_Otomi,R03
82.43897638,3.097342801,Sea_Otomi,R03
82.73062992,3.569619018,Sea_Otomi,R03
83.02228346,3.923947206,Sea_Otomi,R03
83.31393701,4.075196129,Sea_Otomi,R03
83.60559055,3.954559938,Sea_Otomi,R03
83.89724409,3.512606799,Sea_Otomi,R03
84.18889764,2.770641856,Sea_Otomi,R03
84.48055118,1.882808939,Sea_Otomi,R03
84.77220472,1.070838553,Sea_Otomi,R03
85.06385827,0.47642215,Sea_Otomi,R03
85.35551181,0.118819852,Sea_Otomi,R03
85.64716535,-0.0533161,Sea_Otomi,R03
85.9388189,-0.10692823,Sea_Otomi,R03
86.23047244,-0.097033567,Sea_Otomi,R03
86.52212598,-0.062857845,Sea_Otomi,R03
86.81377953,-0.027521122,Sea_Otomi,R03
87.10543307,-0.000334967,Sea_Otomi,R03
87.39708661,0.016774927,Sea_Otomi,R03
87.68874016,0.026450099,Sea_Otomi,R03
87.9803937,0.031833741,Sea_Otomi,R03
88.27204724,0.03344219,Sea_Otomi,R03
88.56370079,0.031359819,Sea_Otomi,R03
88.85535433,0.027169596,Sea_Otomi,R03
89.14700787,0.022650133,Sea_Otomi,R03
89.43866142,0.019041662,Sea_Otomi,R03
89.73031496,0.016734807,Sea_Otomi,R03
90.0219685,0.015340023,Sea_Otomi,R03
90.31362205,0.0145707,Sea_Otomi,R03
90.60527559,0.01456651,Sea_Otomi,R03
90.89692913,0.015784679,Sea_Otomi,R03
91.18858268,0.017522028,Sea_Otomi,R03
91.48023622,0.018262999,Sea_Otomi,R03
91.77188976,0.018101329,Sea_Otomi,R03
92.06354331,0.017731082,Sea_Otomi,R03
92.35519685,0.017049637,Sea_Otomi,R03
92.64685039,0.015974537,Sea_Otomi,R03
92.93850394,0.014599008,Sea_Otomi,R03
93.23015748,0.013366388,Sea_Otomi,R03
93.52181102,0.012893218,Sea_Otomi,R03
93.81346457,0.013146018,Sea_Otomi,R03
94.10511811,0.013905021,Sea_Otomi,R03
94.39677165,0.015008454,Sea_Otomi,R03
94.6884252,0.015571144,Sea_Otomi,R03
94.98007874,0.014300296,Sea_Otomi,R03
95.27173228,0.01160119,Sea_Otomi,R03
95.56338583,0.0095298,Sea_Otomi,R03
95.85503937,0.008482336,Sea_Otomi,R03
96.14669291,0.007678527,Sea_Otomi,R03
96.43834646,0.007013278,Sea_Otomi,R03
96.73,0.007013278,Sea_Otomi,R03
59.69,0.103237837,STD_Mix,R01
59.98165354,0.103237837,STD_Mix,R01
60.27330709,0.118638884,STD_Mix,R01
60.56496063,0.159261353,STD_Mix,R01
60.85661417,0.214343891,STD_Mix,R01
61.14826772,0.266152388,STD_Mix,R01
61.43992126,0.302757273,STD_Mix,R01
61.7315748,0.323665543,STD_Mix,R01
62.02322835,0.334170675,STD_Mix,R01
62.31488189,0.338386605,STD_Mix,R01
62.60653543,0.338705332,STD_Mix,R01
62.89818898,0.336443978,STD_Mix,R01
63.18984252,0.330978144,STD_Mix,R01
63.48149606,0.323877004,STD_Mix,R01
63.77314961,0.319354335,STD_Mix,R01
64.06480315,0.318535954,STD_Mix,R01
64.35645669,0.318114334,STD_Mix,R01
64.64811024,0.319197212,STD_Mix,R01
64.93976378,0.327046052,STD_Mix,R01
65.23141732,0.341165848,STD_Mix,R01
65.52307087,0.356319733,STD_Mix,R01
65.81472441,0.367597012,STD_Mix,R01
66.10637795,0.377479034,STD_Mix,R01
66.3980315,0.39183275,STD_Mix,R01
66.68968504,0.408363246,STD_Mix,R01
66.98133858,0.423512003,STD_Mix,R01
67.27299213,0.438376416,STD_Mix,R01
67.56464567,0.455903604,STD_Mix,R01
67.85629921,0.476988603,STD_Mix,R01
68.14795276,0.502683248,STD_Mix,R01
68.4396063,0.536936862,STD_Mix,R01
68.73125984,0.576508094,STD_Mix,R01
69.02291339,0.613349261,STD_Mix,R01
69.31456693,0.646150122,STD_Mix,R01
69.60622047,0.678528951,STD_Mix,R01
69.89787402,0.710139608,STD_Mix,R01
70.18952756,0.736527611,STD_Mix,R01
70.4811811,0.758882599,STD_Mix,R01
70.77283465,0.78080554,STD_Mix,R01
71.06448819,0.802596186,STD_Mix,R01
71.35614173,0.826604057,STD_Mix,R01
71.64779528,0.853964786,STD_Mix,R01
71.93944882,0.879879756,STD_Mix,R01
72.23110236,0.903330364,STD_Mix,R01
72.52275591,0.926875173,STD_Mix,R01
72.81440945,0.94843114,STD_Mix,R01
73.10606299,0.965143346,STD_Mix,R01
73.39771654,0.976944095,STD_Mix,R01
73.68937008,0.983819839,STD_Mix,R01
73.98102362,0.986434657,STD_Mix,R01
74.27267717,0.985347314,STD_Mix,R01
74.56433071,0.97947982,STD_Mix,R01
74.85598425,0.970571307,STD_Mix,R01
75.1476378,0.96135511,STD_Mix,R01
75.43929134,0.950754208,STD_Mix,R01
75.73094488,0.936815112,STD_Mix,R01
76.02259843,0.918477005,STD_Mix,R01
76.31425197,0.896244304,STD_Mix,R01
76.60590551,0.872459095,STD_Mix,R01
76.89755906,0.853435291,STD_Mix,R01
77.1892126,0.845469513,STD_Mix,R01
77.48086614,0.852287814,STD_Mix,R01
77.77251969,0.875571303,STD_Mix,R01
78.06417323,0.907215008,STD_Mix,R01
78.35582677,0.939790053,STD_Mix,R01
78.64748031,0.976361814,STD_Mix,R01
78.93913386,1.020398593,STD_Mix,R01
79.2307874,1.073004494,STD_Mix,R01
79.52244094,1.131679141,STD_Mix,R01
79.81409449,1.193856078,STD_Mix,R01
80.10574803,1.261405544,STD_Mix,R01
80.39740157,1.340458565,STD_Mix,R01
80.68905512,1.440134252,STD_Mix,R01
80.98070866,1.569150321,STD_Mix,R01
81.2723622,1.729762305,STD_Mix,R01
81.56401575,1.918013166,STD_Mix,R01
81.85566929,2.144946626,STD_Mix,R01
82.14732283,2.440220473,STD_Mix,R01
82.43897638,2.825157466,STD_Mix,R01
82.73062992,3.294939735,STD_Mix,R01
83.02228346,3.821394673,STD_Mix,R01
83.31393701,4.352147125,STD_Mix,R01
83.60559055,4.811146844,STD_Mix,R01
83.89724409,5.130786454,STD_Mix,R01
84.18889764,5.277407522,STD_Mix,R01
84.48055118,5.252485203,STD_Mix,R01
84.77220472,5.064351018,STD_Mix,R01
85.06385827,4.739983944,STD_Mix,R01
85.35551181,4.358926443,STD_Mix,R01
85.64716535,3.957526229,STD_Mix,R01
85.9388189,3.452168765,STD_Mix,R01
86.23047244,2.749858266,STD_Mix,R01
86.52212598,1.914773968,STD_Mix,R01
86.81377953,1.13293493,STD_Mix,R01
87.10543307,0.540651931,STD_Mix,R01
87.39708661,0.167001509,STD_Mix,R01
87.68874016,-0.024960192,STD_Mix,R01
87.9803937,-0.093032448,STD_Mix,R01
88.27204724,-0.092895011,STD_Mix,R01
88.56370079,-0.064991719,STD_Mix,R01
88.85535433,-0.031440361,STD_Mix,R01
89.14700787,-0.002989235,STD_Mix,R01
89.43866142,0.016577323,STD_Mix,R01
89.73031496,0.027603398,STD_Mix,R01
90.0219685,0.031674584,STD_Mix,R01
90.31362205,0.030313979,STD_Mix,R01
90.60527559,0.0257302,STD_Mix,R01
90.89692913,0.020608869,STD_Mix,R01
91.18858268,0.01689516,STD_Mix,R01
91.48023622,0.014957594,STD_Mix,R01
91.77188976,0.014984458,STD_Mix,R01
92.06354331,0.017163559,STD_Mix,R01
92.35519685,0.019726443,STD_Mix,R01
92.64685039,0.020858893,STD_Mix,R01
92.93850394,0.019916827,STD_Mix,R01
93.23015748,0.017590829,STD_Mix,R01
93.52181102,0.015455015,STD_Mix,R01
93.81346457,0.014632948,STD_Mix,R01
94.10511811,0.015055394,STD_Mix,R01
94.39677165,0.014806588,STD_Mix,R01
94.6884252,0.013350946,STD_Mix,R01
94.98007874,0.012141043,STD_Mix,R01
95.27173228,0.011482952,STD_Mix,R01
95.56338583,0.011413642,STD_Mix,R01
95.85503937,0.011231382,STD_Mix,R01
96.14669291,0.009910911,STD_Mix,R01
96.43834646,0.008041669,STD_Mix,R01
96.73,0.008041669,STD_Mix,R01
59.69,0.093923396,STD_Mix,R02
59.98165354,0.093923396,STD_Mix,R02
60.27330709,0.116805296,STD_Mix,R02
60.56496063,0.165761718,STD_Mix,R02
60.85661417,0.224125162,STD_Mix,R02
61.14826772,0.272895919,STD_Mix,R02
61.43992126,0.306481499,STD_Mix,R02
61.7315748,0.330341919,STD_Mix,R02
62.02322835,0.347168704,STD_Mix,R02
62.31488189,0.353276346,STD_Mix,R02
62.60653543,0.348976929,STD_Mix,R02
62.89818898,0.341747563,STD_Mix,R02
63.18984252,0.338591862,STD_Mix,R02
63.48149606,0.340819913,STD_Mix,R02
63.77314961,0.344976219,STD_Mix,R02
64.06480315,0.346832937,STD_Mix,R02
64.35645669,0.344683614,STD_Mix,R02
64.64811024,0.339975571,STD_Mix,R02
64.93976378,0.33662801,STD_Mix,R02
65.23141732,0.337934153,STD_Mix,R02
65.52307087,0.343601689,STD_Mix,R02
65.81472441,0.353571471,STD_Mix,R02
66.10637795,0.368333294,STD_Mix,R02
66.3980315,0.385696,STD_Mix,R02
66.68968504,0.400032089,STD_Mix,R02
66.98133858,0.408195926,STD_Mix,R02
67.27299213,0.414924633,STD_Mix,R02
67.56464567,0.425932524,STD_Mix,R02
67.85629921,0.44484728,STD_Mix,R02
68.14795276,0.473121167,STD_Mix,R02
68.4396063,0.507326686,STD_Mix,R02
68.73125984,0.542771494,STD_Mix,R02
69.02291339,0.575461787,STD_Mix,R02
69.31456693,0.60326741,STD_Mix,R02
69.60622047,0.628726646,STD_Mix,R02
69.89787402,0.65583088,STD_Mix,R02
70.18952756,0.683745645,STD_Mix,R02
70.4811811,0.711726728,STD_Mix,R02
70.77283465,0.739783667,STD_Mix,R02
71.06448819,0.766219497,STD_Mix,R02
71.35614173,0.792352501,STD_Mix,R02
71.64779528,0.823070454,STD_Mix,R02
71.93944882,0.857039801,STD_Mix,R02
72.23110236,0.887634952,STD_Mix,R02
72.52275591,0.913796801,STD_Mix,R02
72.81440945,0.935076093,STD_Mix,R02
73.10606299,0.946319258,STD_Mix,R02
73.39771654,0.946781025,STD_Mix,R02
73.68937008,0.944089079,STD_Mix,R02
73.98102362,0.943813992,STD_Mix,R02
74.27267717,0.945688537,STD_Mix,R02
74.56433071,0.946078721,STD_Mix,R02
74.85598425,0.943302347,STD_Mix,R02
75.1476378,0.935105616,STD_Mix,R02
75.43929134,0.91758127,STD_Mix,R02
75.73094488,0.894448069,STD_Mix,R02
76.02259843,0.875134948,STD_Mix,R02
76.31425197,0.86252506,STD_Mix,R02
76.60590551,0.852995727,STD_Mix,R02
76.89755906,0.847661354,STD_Mix,R02
77.1892126,0.8476908,STD_Mix,R02
77.48086614,0.854835331,STD_Mix,R02
77.77251969,0.870531768,STD_Mix,R02
78.06417323,0.890567765,STD_Mix,R02
78.35582677,0.915972781,STD_Mix,R02
78.64748031,0.950598828,STD_Mix,R02
78.93913386,0.994284312,STD_Mix,R02
79.2307874,1.044496564,STD_Mix,R02
79.52244094,1.096734261,STD_Mix,R02
79.81409449,1.151047188,STD_Mix,R02
80.10574803,1.212638965,STD_Mix,R02
80.39740157,1.288702139,STD_Mix,R02
80.68905512,1.382606996,STD_Mix,R02
80.98070866,1.495372964,STD_Mix,R02
81.2723622,1.630715306,STD_Mix,R02
81.56401575,1.79464209,STD_Mix,R02
81.85566929,2.008592409,STD_Mix,R02
82.14732283,2.317044092,STD_Mix,R02
82.43897638,2.760951805,STD_Mix,R02
82.73062992,3.349359806,STD_Mix,R02
83.02228346,4.058449265,STD_Mix,R02
83.31393701,4.830835804,STD_Mix,R02
83.60559055,5.565886126,STD_Mix,R02
83.89724409,6.134971719,STD_Mix,R02
84.18889764,6.405419794,STD_Mix,R02
84.48055118,6.291268742,STD_Mix,R02
84.77220472,5.803183128,STD_Mix,R02
85.06385827,5.062880742,STD_Mix,R02
85.35551181,4.265200685,STD_Mix,R02
85.64716535,3.54363823,STD_Mix,R02
85.9388189,2.885911176,STD_Mix,R02
86.23047244,2.21218467,STD_Mix,R02
86.52212598,1.518878807,STD_Mix,R02
86.81377953,0.897432075,STD_Mix,R02
87.10543307,0.430208954,STD_Mix,R02
87.39708661,0.13414525,STD_Mix,R02
87.68874016,-0.019117404,STD_Mix,R02
87.9803937,-0.072262329,STD_Mix,R02
88.27204724,-0.06812617,STD_Mix,R02
88.56370079,-0.04179833,STD_Mix,R02
88.85535433,-0.01475085,STD_Mix,R02
89.14700787,0.004788343,STD_Mix,R02
89.43866142,0.017313189,STD_Mix,R02
89.73031496,0.025050873,STD_Mix,R02
90.0219685,0.02860869,STD_Mix,R02
90.31362205,0.028359487,STD_Mix,R02
90.60527559,0.025710722,STD_Mix,R02
90.89692913,0.022203273,STD_Mix,R02
91.18858268,0.018743174,STD_Mix,R02
91.48023622,0.015490521,STD_Mix,R02
91.77188976,0.013636579,STD_Mix,R02
92.06354331,0.014076963,STD_Mix,R02
92.35519685,0.015984211,STD_Mix,R02
92.64685039,0.017791198,STD_Mix,R02
92.93850394,0.01843679,STD_Mix,R02
93.23015748,0.018680887,STD_Mix,R02
93.52181102,0.018909367,STD_Mix,R02
93.81346457,0.019032386,STD_Mix,R02
94.10511811,0.018494539,STD_Mix,R02
94.39677165,0.016399796,STD_Mix,R02
94.6884252,0.013605926,STD_Mix,R02
94.98007874,0.011838769,STD_Mix,R02
95.27173228,0.012110251,STD_Mix,R02
95.56338583,0.013512425,STD_Mix,R02
95.85503937,0.013840162,STD_Mix,R02
96.14669291,0.011665063,STD_Mix,R02
96.43834646,0.008563199,STD_Mix,R02
96.73,0.008563199,STD_Mix,R02
59.69,0.093367599,STD_Mix,R03
59.98165354,0.093367599,STD_Mix,R03
60.27330709,0.1163588,STD_Mix,R03
60.56496063,0.160690193,STD_Mix,R03
60.85661417,0.212209436,STD_Mix,R03
61.14826772,0.258803741,STD_Mix,R03
61.43992126,0.297287747,STD_Mix,R03
61.7315748,0.324144143,STD_Mix,R03
62.02322835,0.337334066,STD_Mix,R03
62.31488189,0.340050281,STD_Mix,R03
62.60653543,0.338450116,STD_Mix,R03
62.89818898,0.337264141,STD_Mix,R03
63.18984252,0.336284239,STD_Mix,R03
63.48149606,0.334689385,STD_Mix,R03
63.77314961,0.336868454,STD_Mix,R03
64.06480315,0.342758763,STD_Mix,R03
64.35645669,0.345043344,STD_Mix,R03
64.64811024,0.340842413,STD_Mix,R03
64.93976378,0.334485419,STD_Mix,R03
65.23141732,0.332650288,STD_Mix,R03
65.52307087,0.336895153,STD_Mix,R03
65.81472441,0.348938543,STD_Mix,R03
66.10637795,0.366553953,STD_Mix,R03
66.3980315,0.382213849,STD_Mix,R03
66.68968504,0.393469875,STD_Mix,R03
66.98133858,0.401311723,STD_Mix,R03
67.27299213,0.410760001,STD_Mix,R03
67.56464567,0.42870142,STD_Mix,R03
67.85629921,0.452758183,STD_Mix,R03
68.14795276,0.476632857,STD_Mix,R03
68.4396063,0.499556378,STD_Mix,R03
68.73125984,0.523321837,STD_Mix,R03
69.02291339,0.548234766,STD_Mix,R03
69.31456693,0.575547001,STD_Mix,R03
69.60622047,0.606718512,STD_Mix,R03
69.89787402,0.637773835,STD_Mix,R03
70.18952756,0.66756616,STD_Mix,R03
70.4811811,0.697890058,STD_Mix,R03
70.77283465,0.726314918,STD_Mix,R03
71.06448819,0.752817572,STD_Mix,R03
71.35614173,0.777931645,STD_Mix,R03
71.64779528,0.800155251,STD_Mix,R03
71.93944882,0.821401998,STD_Mix,R03
72.23110236,0.848782479,STD_Mix,R03
72.52275591,0.885769407,STD_Mix,R03
72.81440945,0.924672304,STD_Mix,R03
73.10606299,0.951986353,STD_Mix,R03
73.39771654,0.959320558,STD_Mix,R03
73.68937008,0.951043704,STD_Mix,R03
73.98102362,0.939664362,STD_Mix,R03
74.27267717,0.932855077,STD_Mix,R03
74.56433071,0.929263881,STD_Mix,R03
74.85598425,0.926371687,STD_Mix,R03
75.1476378,0.922872876,STD_Mix,R03
75.43929134,0.916873939,STD_Mix,R03
75.73094488,0.905352294,STD_Mix,R03
76.02259843,0.887411707,STD_Mix,R03
76.31425197,0.864388211,STD_Mix,R03
76.60590551,0.841888946,STD_Mix,R03
76.89755906,0.828677516,STD_Mix,R03
77.1892126,0.827002879,STD_Mix,R03
77.48086614,0.837115788,STD_Mix,R03
77.77251969,0.857388337,STD_Mix,R03
78.06417323,0.882105256,STD_Mix,R03
78.35582677,0.912979043,STD_Mix,R03
78.64748031,0.956926343,STD_Mix,R03
78.93913386,1.013764932,STD_Mix,R03
79.2307874,1.07928585,STD_Mix,R03
79.52244094,1.152902317,STD_Mix,R03
79.81409449,1.234062147,STD_Mix,R03
80.10574803,1.323687413,STD_Mix,R03
80.39740157,1.429041426,STD_Mix,R03
80.68905512,1.554403555,STD_Mix,R03
80.98070866,1.698483965,STD_Mix,R03
81.2723622,1.858272974,STD_Mix,R03
81.56401575,2.031060818,STD_Mix,R03
81.85566929,2.225949631,STD_Mix,R03
82.14732283,2.469370154,STD_Mix,R03
82.43897638,2.783748825,STD_Mix,R03
82.73062992,3.17032169,STD_Mix,R03
83.02228346,3.615633187,STD_Mix,R03
83.31393701,4.096700276,STD_Mix,R03
83.60559055,4.576889128,STD_Mix,R03
83.89724409,5.007357687,STD_Mix,R03
84.18889764,5.314842089,STD_Mix,R03
84.48055118,5.407604959,STD_Mix,R03
84.77220472,5.214270804,STD_Mix,R03
85.06385827,4.762487604,STD_Mix,R03
85.35551181,4.197776623,STD_Mix,R03
85.64716535,3.633505894,STD_Mix,R03
85.9388189,3.04348935,STD_Mix,R03
86.23047244,2.352643423,STD_Mix,R03
86.52212598,1.598580496,STD_Mix,R03
86.81377953,0.92187897,STD_Mix,R03
87.10543307,0.424444276,STD_Mix,R03
87.39708661,0.119416407,STD_Mix,R03
87.68874016,-0.031857236,STD_Mix,R03
87.9803937,-0.081299171,STD_Mix,R03
88.27204724,-0.077000343,STD_Mix,R03
88.56370079,-0.053285257,STD_Mix,R03
88.85535433,-0.027060295,STD_Mix,R03
89.14700787,-0.004818469,STD_Mix,R03
89.43866142,0.011228605,STD_Mix,R03
89.73031496,0.02031951,STD_Mix,R03
90.0219685,0.024148123,STD_Mix,R03
90.31362205,0.025374513,STD_Mix,R03
90.60527559,0.024741865,STD_Mix,R03
90.89692913,0.022461637,STD_Mix,R03
91.18858268,0.01938978,STD_Mix,R03
91.48023622,0.016840811,STD_Mix,R03
91.77188976,0.016097398,STD_Mix,R03
92.06354331,0.016664784,STD_Mix,R03
92.35519685,0.017893504,STD_Mix,R03
92.64685039,0.019965018,STD_Mix,R03
92.93850394,0.021547446,STD_Mix,R03
93.23015748,0.020642814,STD_Mix,R03
93.52181102,0.01744978,STD_Mix,R03
93.81346457,0.014279442,STD_Mix,R03
94.10511811,0.012252249,STD_Mix,R03
94.39677165,0.011116156,STD_Mix,R03
94.6884252,0.011209424,STD_Mix,R03
94.98007874,0.012529897,STD_Mix,R03
95.27173228,0.013941175,STD_Mix,R03
95.56338583,0.015347443,STD_Mix,R03
95.85503937,0.016924978,STD_Mix,R03
96.14669291,0.017812497,STD_Mix,R03
96.43834646,0.017984797,STD_Mix,R03
96.73,0.017984797,STD_Mix,R03