"","OTU002","OTU003","OTU004","OTU005","OTU006","OTU007","OTU008","OTU018","OTU019","OTU020","OTU021","OTU022","OTU023","OTU025","OTU028","OTU029","OTU030","OTU032","OTU033","OTU034","OTU036","OTU037","OTU042","OTU043","OTU044","OTU046","OTU047","OTU049","OTU053","OTU054","OTU055","OTU056","OTU058","OTU059","OTU061","OTU063","OTU064","OTU065","OTU066","OTU067","OTU068","OTU069","OTU071","OTU074","OTU075","OTU076","OTU077","OTU078","OTU079","OTU080","OTU083","OTU084","OTU085","OTU086","OTU088","OTU089","OTU090","OTU091","OTU092","OTU093","OTU094","OTU095","OTU096","OTU097","OTU098","OTU099","OTU100","OTU101","OTU102","OTU103","OTU104","OTU107","OTU108","OTU109","OTU112","OTU113","OTU115","OTU116","OTU117","OTU118","OTU119","OTU122","OTU123","OTU126","OTU129","OTU130","OTU134","OTU135","OTU136"
"E01_T001_S001",19341,0,3,103,0,4503,0,2,0,0,0,0,0,0,0,0,0,0,914,3,0,0,0,0,623,0,1,0,0,0,0,0,0,0,0,279,0,0,0,0,0,0,0,0,1133,1333,0,0,0,0,0,0,0,0,0,0,579,1378,1,0,0,0,104,0,0,0,0,0,0,0,0,0,0,0,0,0,0,0,0,0,0,3315,2,0,0,0,0,0,0
"E01_T001_S002",19019,0,516,125,0,2546,0,0,0,0,0,0,0,0,0,0,1031,0,0,0,0,0,0,0,0,0,0,0,0,1222,0,9597,0,0,0,2476,0,0,179,0,1364,0,1081,4610,0,0,0,613,924,588,0,0,0,0,0,0,0,0,1426,0,0,0,876,1434,1,0,0,0,0,0,0,0,0,0,0,0,0,0,0,0,0,710,0,0,0,0,0,0,0
"E01_T001_S003",23022,0,0,130,0,8516,1019,0,475,463,0,0,0,0,2266,0,0,0,0,0,0,0,0,0,0,0,0,0,1353,0,0,4415,0,0,0,1415,0,0,1903,0,0,0,0,2929,2050,0,0,0,0,0,571,0,0,0,0,0,920,0,0,0,0,0,0,0,0,0,0,0,0,0,0,0,0,0,0,0,0,0,0,518,0,9065,5,0,0,0,0,0,0
"E01_T001_S004",36695,0,0,220,0,10975,0,0,0,905,0,0,0,0,662,0,0,0,0,0,0,0,0,0,0,0,0,0,0,0,0,6321,0,0,0,12011,0,0,1244,0,0,0,0,2608,572,0,0,0,94,1568,0,0,0,0,0,0,0,0,0,0,0,0,0,0,0,0,0,0,0,0,0,0,0,0,0,0,0,0,0,123,0,5526,27,0,753,0,506,0,0
"E01_T001_S005",26261,0,0,159,0,8334,0,0,0,0,0,0,0,1264,688,0,0,0,0,0,0,0,0,0,1142,0,0,0,1335,0,0,2884,0,0,0,2614,0,0,911,0,0,0,0,6010,8,0,0,0,0,0,0,0,0,0,0,0,0,957,0,0,0,0,0,0,0,0,0,0,0,1448,0,0,0,0,0,0,0,0,0,1239,0,6196,4,0,0,0,0,0,0
"E01_T001_S006",0,0,0,0,0,0,0,0,0,0,0,0,0,0,0,0,0,0,0,0,0,0,0,0,0,0,0,0,0,0,0,0,0,0,0,0,0,0,0,0,0,0,0,0,0,0,0,0,0,0,0,0,0,0,0,0,0,0,0,0,0,0,0,0,0,0,0,0,0,0,0,0,0,0,0,0,0,0,0,0,0,0,0,0,0,0,0,0,0
"E01_T001_S007",2225,838,0,14,0,2812,1164,0,0,0,0,0,0,1143,454,0,0,0,0,0,0,0,0,0,716,0,0,0,0,0,0,9,0,0,1,1011,0,0,1193,0,0,0,0,1750,0,0,0,0,0,0,0,1154,0,0,0,0,0,968,600,0,4653,0,975,0,0,0,0,1242,896,0,0,0,0,0,0,0,0,0,0,0,0,0,0,0,0,0,0,0,0
"E01_T001_S008",0,0,0,0,0,0,651,0,0,0,0,0,0,1208,0,0,0,0,0,0,0,0,0,0,1,0,0,0,0,0,0,1,0,0,0,660,0,0,511,0,0,0,0,0,0,0,0,0,0,0,0,0,0,0,0,0,0,4,2438,0,2410,0,4,1638,0,0,0,0,0,0,836,0,0,0,0,0,0,0,0,0,1704,608,0,0,0,0,0,1,0
"E01_T001_S009",1356,0,0,7,0,0,0,0,0,0,0,0,0,1389,1277,0,0,0,0,0,0,0,0,0,0,0,0,0,0,0,1424,0,0,0,0,0,0,0,615,0,0,0,0,0,0,0,0,0,0,0,0,0,0,0,0,0,0,1465,1422,628,742,0,1158,691,0,0,0,0,0,0,0,0,0,0,0,0,0,0,0,0,0,0,0,0,0,0,0,0,0
"E01_T001_S010",0,0,0,0,0,0,0,0,0,0,0,0,0,1767,0,0,0,0,0,0,0,914,0,0,0,0,0,0,0,0,0,0,0,0,0,0,0,0,611,0,0,0,0,1091,0,0,0,0,0,0,0,0,0,0,1769,0,1289,0,213,0,0,0,0,0,0,0,0,0,0,0,1611,0,0,0,0,0,0,0,0,0,0,0,0,0,0,0,0,0,0
"E01_T001_S011",1620,0,0,8,0,798,0,0,0,0,0,0,0,4739,305,1,0,0,0,0,0,0,1506,0,0,0,0,0,0,0,0,881,0,0,1690,1801,0,0,264,0,0,0,0,1916,0,0,0,0,0,0,0,1409,0,0,1506,0,0,0,4699,0,4432,0,5016,2538,1,0,0,0,0,0,1791,0,0,0,0,0,0,0,0,0,0,0,0,0,0,0,0,0,0
"E01_T001_S012",808,0,0,4,0,700,0,0,0,0,0,0,0,0,0,0,0,0,0,0,0,0,0,0,0,0,0,0,0,0,0,916,0,0,0,0,0,0,0,0,0,0,0,0,0,0,0,0,0,0,0,0,0,0,0,0,0,0,0,0,0,0,0,0,0,0,0,0,0,0,0,0,0,0,0,0,0,0,0,0,0,0,0,0,0,0,0,0,0
"E01_T001_S013",1406,0,22786,8,0,0,0,0,0,0,0,0,0,0,0,0,0,512,4748,480,0,0,0,0,0,0,0,0,0,0,0,0,0,0,0,0,0,0,0,0,0,0,0,0,0,0,1566,0,0,0,0,0,0,0,0,0,0,0,0,0,0,0,0,0,0,0,0,0,0,0,0,3729,0,0,0,0,0,0,0,117,0,0,0,0,0,0,0,0,0
"E01_T001_S014",0,0,16772,0,0,0,0,0,0,0,0,570,0,0,0,0,0,0,6894,2367,0,0,0,0,0,0,0,0,0,0,0,0,0,0,0,0,0,0,0,0,0,0,0,0,0,0,2969,0,0,0,0,0,0,0,0,0,0,0,0,0,0,0,0,0,0,0,0,0,0,0,0,0,0,0,0,0,0,0,0,157,0,0,0,0,0,0,0,0,0
"E01_T001_S015",1283,0,17624,4,0,0,0,0,0,0,0,0,0,0,0,0,0,0,2940,1844,0,0,0,0,0,0,0,0,0,0,0,860,0,0,0,2,0,0,0,27,0,0,0,0,0,0,1445,0,0,0,0,0,0,0,0,0,0,0,0,0,0,0,0,0,0,0,0,0,0,0,0,2158,0,161,0,0,0,0,0,141,0,0,0,0,0,0,0,0,0
"E01_T001_S016",850,0,10170,5,0,0,0,0,0,0,0,0,0,0,0,0,0,0,1647,923,0,0,0,0,0,0,0,0,0,0,0,0,0,0,0,0,0,0,0,0,0,0,0,0,0,0,0,0,0,0,0,0,0,0,0,0,0,0,0,0,0,0,0,0,0,0,0,0,0,0,0,1043,0,0,0,0,0,0,0,112,0,0,0,0,0,0,0,0,0
"E01_T001_S017",0,0,14690,0,0,0,0,0,0,0,0,0,0,0,0,0,0,0,1271,3,0,0,0,0,0,0,0,0,0,0,0,0,0,0,0,0,0,0,0,0,0,0,0,0,0,0,2568,0,0,0,0,0,0,0,0,0,0,0,0,0,0,0,0,0,0,0,0,0,0,0,0,0,0,0,0,0,0,0,0,0,0,0,0,0,0,0,0,0,0
"E01_T001_S018",0,0,0,0,0,0,0,0,0,0,0,0,0,0,0,0,0,0,0,0,0,0,0,0,0,0,0,0,0,0,0,0,0,0,0,0,0,0,0,0,0,0,0,0,0,0,0,0,0,0,0,0,0,0,0,0,0,0,0,0,0,0,0,0,0,0,0,0,0,0,0,0,0,0,0,0,0,0,0,0,0,0,0,0,0,0,0,0,0
"E01_T001_S019",0,0,0,0,0,0,0,0,0,0,0,0,0,0,0,0,1661,0,0,0,0,1161,0,0,0,1506,2028,213,0,0,0,0,1912,0,0,0,0,742,0,0,0,0,0,0,0,0,0,0,0,0,0,0,0,0,0,0,0,0,0,0,0,0,0,0,0,0,0,0,0,0,0,0,0,0,0,2247,0,0,1660,0,0,0,0,0,0,0,0,0,0
"E01_T001_S020",682,2000,0,4,0,0,0,0,0,0,0,0,0,0,0,0,0,0,0,0,0,1517,0,0,0,3539,0,3807,0,0,0,0,1910,0,0,0,0,1106,0,0,0,0,0,0,0,0,0,0,0,0,0,0,0,0,0,0,0,0,0,0,0,0,0,0,0,0,0,0,0,0,0,0,0,0,0,2389,0,0,3428,0,0,0,0,0,0,0,0,0,0
"E01_T001_S021",528,3966,0,4,0,0,0,0,0,0,0,0,0,0,0,0,635,0,0,0,0,1382,0,0,0,3180,641,3103,0,0,0,0,1507,0,0,0,0,1082,0,0,0,0,0,0,0,0,0,0,0,0,0,0,0,0,0,0,0,0,0,0,0,0,0,0,0,0,0,0,0,0,0,0,0,0,0,4867,0,0,601,0,0,0,0,0,0,0,0,0,0
"E01_T001_S022",0,2280,0,0,0,0,0,0,0,0,0,0,0,0,0,0,0,0,0,0,0,568,0,0,670,1059,3164,2477,0,0,0,0,688,0,0,0,0,1800,0,0,0,0,0,0,0,0,0,0,0,0,0,0,0,0,0,0,0,0,0,0,0,0,0,0,0,0,0,0,0,0,0,0,0,0,0,4018,0,0,4359,0,0,0,0,0,0,0,0,0,0
"E01_T001_S023",0,828,0,0,0,0,0,0,0,0,0,0,0,0,0,0,1769,0,0,0,0,898,0,0,0,1267,806,3,0,0,0,0,2314,0,0,0,0,0,0,0,0,0,0,0,0,0,0,0,0,0,0,0,0,0,0,0,0,0,0,0,0,0,0,0,0,0,0,0,0,0,0,0,0,0,0,1135,0,0,554,0,0,0,0,0,0,0,0,0,0
"E01_T001_S024",0,0,0,0,0,0,0,0,0,0,0,0,0,0,0,0,0,0,0,0,0,0,0,0,0,0,0,0,0,0,0,0,0,0,0,0,0,0,0,0,0,0,0,0,0,0,0,0,0,0,0,0,0,0,0,0,0,0,0,0,0,0,0,0,0,0,0,0,0,0,0,0,0,0,0,0,0,0,0,0,0,0,0,0,0,0,0,0,0
"E01_T002_S001",27222,0,0,204,0,10321,0,0,0,50,0,0,0,0,0,0,0,0,0,0,0,0,678,0,0,0,0,0,0,0,0,7864,0,1254,0,3622,0,0,1439,0,0,0,0,4641,0,0,0,306,527,0,0,0,0,0,0,0,0,3732,0,998,0,0,0,0,0,977,0,0,0,2397,0,0,0,0,0,0,0,0,0,773,0,6185,8,0,0,0,0,0,0
"E01_T002_S002",8023,0,0,65,247,3831,0,0,0,0,0,0,0,0,878,0,0,0,0,0,0,0,200,0,0,0,0,0,0,0,0,1831,0,0,1,814,0,0,735,0,0,0,0,1380,0,0,0,0,0,0,0,0,0,0,1,0,1,0,0,0,1,0,0,1,0,0,0,0,0,463,0,0,0,0,0,0,256,276,0,29,0,2341,4,0,0,0,78,0,0
"E01_T002_S003",35116,0,0,1012,0,11831,0,0,0,0,0,0,0,0,1841,0,0,0,0,0,0,0,0,0,0,0,0,0,0,0,0,11,0,0,2,5957,2,0,4223,0,0,0,0,4871,950,0,0,0,0,2063,0,2,0,0,0,0,0,1,0,1499,1,0,0,4,0,0,0,0,0,0,5,0,0,0,0,0,0,1,0,0,5,6054,7,1159,0,0,0,0,0
"E01_T002_S004",31920,1,0,278,0,15397,0,14,0,0,0,0,0,0,0,0,0,0,0,0,0,1,882,98,0,1,0,0,1004,0,1200,4704,0,1,0,9467,0,0,1840,0,0,3,0,7087,2,0,0,0,0,998,0,0,0,0,0,0,0,3865,0,0,1,0,0,1,0,0,756,0,0,1111,0,0,0,0,0,0,0,0,0,0,0,2428,2,0,0,0,562,0,0
"E01_T002_S005",12688,0,3,89,0,8494,0,0,0,0,0,0,0,0,1139,0,0,0,0,0,0,0,0,0,873,0,0,0,0,0,0,1527,0,268,0,1015,0,0,643,0,0,875,0,0,553,0,0,0,0,0,0,0,0,0,0,0,0,0,0,0,0,0,0,0,0,0,0,0,0,0,0,1,0,0,0,0,0,0,0,0,0,4870,3,0,0,0,0,0,0
"E01_T002_S006",1,0,3,0,0,701,0,0,0,0,0,0,0,0,0,0,0,0,0,0,0,0,0,0,0,0,0,0,0,0,0,0,0,0,0,0,0,0,0,0,0,0,0,0,0,0,0,0,0,0,0,0,0,0,0,0,0,0,1,0,0,0,0,0,0,0,0,0,0,0,0,0,0,0,0,0,0,0,0,0,0,0,0,0,0,0,0,0,0
"E01_T002_S007",0,0,4,0,0,307,475,0,0,0,0,0,0,809,1493,0,0,0,1,0,0,0,0,0,0,0,0,0,0,0,775,0,0,0,1,0,0,0,837,0,0,0,0,2187,0,0,0,0,0,0,0,0,0,405,0,0,385,0,2474,0,942,406,2,1711,2,0,0,0,0,0,362,1,0,0,0,0,797,0,0,0,0,0,0,0,0,0,0,0,0
"E01_T002_S008",2619,0,23,21,0,0,0,0,0,0,0,0,0,1326,2225,0,0,0,1,0,0,0,0,0,0,0,0,0,0,0,1377,0,0,0,2565,0,0,0,0,0,0,0,0,4233,0,0,1,0,0,0,0,0,0,0,0,0,2634,0,2627,0,10476,0,5018,9590,17,0,0,0,0,0,2725,6,0,0,0,0,0,0,0,0,0,0,0,0,0,0,0,0,0
"E01_T002_S009",1907,0,2,22,0,0,0,0,0,0,0,0,0,573,2181,0,0,0,0,0,0,0,0,0,0,0,0,487,0,0,0,0,0,0,2154,1,0,0,0,0,0,0,0,0,0,1,0,0,0,0,0,0,0,0,0,0,1,1597,1923,917,0,0,1038,566,1,0,0,0,0,0,950,1,0,0,0,0,0,0,0,0,0,0,0,0,0,0,0,0,0
"E01_T002_S010",1588,0,0,14,0,8,0,0,0,0,0,0,0,3985,0,0,1,0,0,0,0,0,1886,0,0,0,0,1,0,0,0,1425,0,0,3177,2155,0,0,0,0,0,0,0,1,0,1860,0,0,0,0,0,0,0,0,1566,0,634,3,2454,1,3079,0,1632,2946,5,0,0,0,0,0,1398,0,0,0,0,0,0,0,0,0,841,3,0,0,0,0,0,0,0
"E01_T002_S011",1,1,0,0,0,0,0,0,0,0,0,0,0,0,0,0,1,0,0,0,0,6,0,0,0,1,1,4,0,0,0,0,1,0,1684,0,470,0,517,0,0,0,1,0,0,0,0,0,0,0,0,1595,0,0,2,0,0,1626,0,0,2584,0,0,2928,7,0,0,0,0,0,2024,0,0,0,0,1,0,0,0,0,1923,0,0,0,0,0,0,0,0
"E01_T002_S012",1705,2,77,15,0,1,0,0,0,0,0,0,1,0,0,0,2,0,12,7,0,0,0,0,0,0,3,1,0,0,0,0,3,0,2,0,0,0,0,0,0,0,380,0,0,0,9,0,0,4,0,0,0,0,0,0,0,0,0,0,0,0,0,0,0,0,0,0,0,0,0,1,0,0,0,0,0,0,0,0,0,907,0,0,0,0,0,0,0
"E01_T002_S013",1,1,10050,0,0,0,0,0,0,0,325,0,0,0,0,0,0,361,1256,1264,0,0,0,0,0,0,0,0,0,0,0,0,0,0,0,0,0,0,0,0,0,0,0,0,0,0,2224,0,0,1,0,0,0,0,0,0,0,0,0,0,0,0,0,0,0,0,0,0,0,0,0,552,0,0,0,0,0,0,0,0,0,0,0,0,0,0,0,0,0
"E01_T002_S014",0,1,10411,0,0,0,0,0,0,0,0,0,0,0,0,0,0,0,699,1548,0,0,0,0,0,1,0,0,0,0,0,0,0,0,0,0,0,0,0,0,0,0,0,0,0,0,2712,0,0,40,0,0,0,0,0,0,0,0,0,0,0,0,0,0,0,0,0,0,0,0,0,0,0,0,0,0,0,0,0,0,0,0,0,0,0,0,0,0,0
"E01_T002_S015",0,2,17476,0,0,0,0,0,0,0,0,0,515,0,0,0,0,0,4986,0,0,2,0,0,0,0,0,0,0,0,0,0,1,0,0,0,0,2,0,0,0,0,0,0,0,0,0,0,0,1864,0,0,0,0,0,0,0,0,0,0,1,0,0,0,0,0,0,0,0,0,0,4226,0,0,0,1,0,0,0,266,0,0,0,0,0,0,0,0,0
"E01_T002_S016",1,0,36184,0,0,0,0,0,0,0,0,0,508,0,1,0,0,0,6125,2,0,1,0,0,0,0,0,0,0,0,0,0,0,0,1,0,0,0,0,0,0,0,0,0,0,0,2918,0,0,0,0,0,0,0,0,0,0,0,0,0,1,0,1,0,0,0,0,0,0,0,1,8667,0,0,0,0,0,0,0,0,0,0,0,0,0,0,0,0,0
"E01_T002_S017",0,0,15176,0,0,0,0,0,0,0,0,0,0,0,1,0,0,0,1880,1191,0,0,0,0,0,0,0,0,0,0,0,0,0,0,0,0,0,0,0,0,0,0,0,0,0,0,0,0,0,0,0,0,0,0,0,0,0,0,0,0,0,0,0,0,0,0,0,0,0,0,0,803,0,0,0,0,0,0,0,0,0,0,0,0,0,0,0,0,0
"E01_T002_S018",0,0,0,0,0,0,0,0,0,0,0,0,0,0,0,0,0,0,0,0,0,2,0,0,0,0,0,0,0,0,0,2,0,0,0,782,0,0,0,0,0,0,0,865,0,0,0,0,0,0,0,0,0,0,0,0,0,0,0,0,0,0,0,0,0,0,0,0,0,0,0,0,0,0,0,0,0,0,0,0,0,3687,2,0,0,0,0,0,0
"E01_T002_S019",0,3842,0,0,0,0,0,0,0,0,0,0,0,0,0,0,2472,0,0,0,0,6590,0,0,0,4664,6303,8143,0,0,0,0,796,0,1,0,0,355,0,0,0,0,0,0,0,0,0,0,0,0,0,1,0,0,0,0,0,0,0,0,1,0,0,1,0,0,0,0,0,0,1,0,0,0,0,2084,0,0,3908,0,0,0,0,0,0,0,0,0,0
"E01_T002_S020",0,8325,0,0,0,0,0,0,0,0,0,0,0,0,0,0,2719,0,0,0,0,4172,0,0,0,6178,10008,7387,0,0,0,0,3847,0,0,0,0,1830,0,0,0,0,0,0,0,0,0,0,0,0,0,0,0,0,0,0,0,0,0,0,0,0,0,0,0,0,0,0,0,0,0,0,0,0,0,5224,0,0,6364,0,0,0,0,0,0,0,0,0,0
"E01_T002_S021",558,2330,0,5,0,0,0,0,0,0,0,0,0,0,0,0,858,0,0,0,0,1953,0,0,0,1524,3405,3567,0,0,0,0,1043,0,0,0,0,1521,0,0,0,0,0,0,0,0,0,0,0,0,0,0,0,0,0,0,0,0,0,0,0,0,0,0,0,0,0,0,0,0,0,0,0,0,0,1350,0,0,2552,0,0,0,0,0,0,0,0,0,0
"E01_T002_S022",2,1631,1,0,0,0,0,0,0,0,0,0,0,0,0,0,5351,0,0,0,0,5513,0,0,0,5220,3528,6911,0,0,0,0,5766,0,0,0,0,1622,0,0,0,0,0,0,1,0,0,0,0,0,0,0,0,0,0,0,0,0,0,0,0,0,0,0,0,0,0,0,0,0,0,0,0,0,0,9609,0,0,5271,0,0,0,0,0,0,0,0,0,0
"E01_T002_S023",0,5439,1,0,0,0,0,0,0,0,0,0,0,0,0,0,3129,0,0,0,0,10730,0,0,0,10019,6456,12075,0,0,0,0,7194,0,0,0,0,2470,0,0,0,0,0,0,0,0,0,0,0,0,0,0,0,0,0,0,0,0,0,0,0,0,0,0,0,0,0,0,0,0,0,0,0,0,0,5973,0,0,3828,0,0,0,0,0,0,0,0,0,0
"E01_T002_S024",3647,0,8,38,0,0,0,0,0,0,0,0,0,0,0,0,0,0,0,0,0,0,0,0,0,0,0,0,0,0,0,0,0,0,0,0,0,1,0,0,0,0,0,0,1403,0,0,0,0,0,0,0,0,0,0,0,0,0,0,0,0,0,0,0,0,0,0,0,0,0,0,3,0,0,0,0,0,0,0,0,0,0,0,0,0,0,0,0,0
"E01_T003_S001",13484,0,0,255,0,6598,0,0,0,344,0,0,0,0,0,0,0,0,0,0,0,0,2,0,0,0,0,0,0,0,0,1772,0,0,0,2340,0,0,781,0,0,0,0,0,0,0,0,0,0,0,0,0,0,0,0,0,49,738,0,1208,0,0,0,0,0,0,0,0,0,0,0,0,202,0,0,0,0,0,0,0,0,390,0,0,0,1,0,0,0
"E01_T003_S002",10365,0,0,253,0,5867,0,0,0,261,0,0,0,0,458,0,0,0,0,0,0,0,390,0,0,0,0,0,0,0,0,4838,0,0,0,5671,0,0,1567,0,0,0,0,1453,0,0,0,0,0,0,0,0,0,0,0,0,0,0,0,0,0,0,0,0,0,0,596,0,0,0,0,0,0,0,0,0,0,0,0,353,0,853,1,0,0,0,0,0,0
"E01_T003_S003",18672,0,0,265,0,10698,2,0,0,0,0,0,0,1,83,0,0,0,0,0,0,0,733,0,0,0,0,0,0,0,1054,2021,0,0,2,4690,0,0,827,0,0,0,86,1993,1,0,0,866,2,1,0,0,1,0,3,0,0,20,7,1576,5,0,15,6,0,0,0,3,1,778,2,0,0,0,13,0,0,0,0,480,0,671,1,0,0,1,0,3,0
"E01_T003_S004",18891,0,770,293,0,11872,1,0,0,0,0,0,0,0,848,0,0,0,1,0,0,0,1,0,0,0,0,0,0,0,0,3747,0,781,0,6274,0,0,974,0,0,0,0,2185,1326,0,0,0,0,591,0,0,723,0,0,0,0,0,2,0,0,0,0,0,0,0,0,0,0,0,0,0,0,0,0,0,0,0,0,277,0,3713,1,591,0,3,0,0,0
"E01_T003_S005",12716,0,0,990,0,12386,0,0,0,0,0,0,0,0,926,0,0,0,0,0,0,0,82,0,263,0,0,0,0,0,0,1178,0,0,0,3782,0,0,1258,0,0,0,1056,1034,0,0,0,0,1112,0,0,0,0,0,0,0,0,1340,0,0,0,0,0,0,0,0,0,0,0,455,0,0,0,0,0,0,0,0,0,15,0,2845,2,0,0,3,0,0,0
"E01_T003_S006",0,0,0,0,0,2,1,0,0,0,0,0,0,0,0,0,0,0,0,0,0,0,0,0,0,0,0,0,0,0,0,1,0,0,0,0,0,0,0,0,0,0,0,0,0,0,0,0,1,0,0,0,0,0,0,0,0,0,2,0,0,0,1,1,0,0,0,0,0,0,0,0,0,0,0,0,0,0,0,0,0,0,0,1,0,0,0,0,0
"E01_T003_S007",442,0,0,6,0,0,2047,6,0,0,0,0,0,830,377,0,0,0,0,0,0,0,231,0,0,0,0,0,0,0,0,781,0,0,816,1,0,0,1746,0,0,0,0,2013,0,0,0,0,0,0,0,0,0,0,0,0,0,2179,2944,0,2353,0,2258,1421,4,0,0,1765,576,0,0,0,0,0,0,0,0,0,0,0,0,0,0,1182,0,0,0,0,4
"E01_T003_S008",3178,0,0,81,0,0,5,0,0,0,0,0,0,2561,3644,3,0,0,0,0,0,0,437,0,0,0,0,0,0,0,0,2,0,0,768,0,0,0,4,0,0,0,0,1868,0,0,0,0,0,0,0,0,0,0,3302,0,0,6,6628,1527,3899,0,8537,5522,11,0,0,3,2,0,1582,1,0,0,0,0,0,0,0,0,0,0,0,2,0,0,0,1180,0
"E01_T003_S009",0,0,1,0,0,0,0,0,0,0,1,0,0,469,653,0,0,0,1,0,1611,0,460,0,0,0,0,0,0,0,0,0,0,0,0,0,0,0,0,0,0,0,0,0,0,0,0,0,0,0,0,0,0,0,0,0,0,1024,2091,0,1,0,0,3822,10,0,0,0,0,0,0,2,0,0,0,0,0,0,0,0,1617,0,0,0,0,0,0,0,0
"E01_T003_S010",4814,0,0,80,0,1726,2151,117,0,0,0,0,0,0,843,0,0,0,0,0,0,0,0,0,0,0,0,0,0,0,95,0,0,0,818,0,0,0,3729,0,0,0,0,0,0,0,0,0,0,0,0,0,0,0,0,0,0,0,5192,0,4511,2137,0,0,0,0,0,0,0,0,741,0,0,0,0,0,0,0,0,0,0,0,0,0,0,0,0,0,0
"E01_T003_S011",0,0,0,0,0,289,0,27,0,0,0,0,0,290,0,0,0,0,0,0,0,0,323,0,48,0,0,0,0,416,0,0,0,0,488,0,0,0,570,0,0,0,0,0,0,433,0,0,0,0,0,0,0,0,0,530,0,779,1725,0,124,0,2604,1773,3,0,0,0,0,0,0,0,0,0,0,0,0,0,0,0,0,0,0,682,0,0,0,0,0
"E01_T003_S012",0,0,0,0,0,0,0,0,0,0,0,0,0,0,0,0,0,0,0,0,0,0,0,0,0,0,0,0,0,0,0,0,0,0,0,0,0,0,0,0,0,0,0,0,0,0,0,0,0,0,0,0,0,0,0,0,0,0,0,0,0,0,0,0,0,0,0,0,0,0,0,0,0,0,0,0,0,0,0,0,0,0,0,0,0,0,0,0,0
"E01_T003_S013",0,0,17636,0,0,0,0,0,0,0,0,0,738,0,0,0,0,513,3491,3036,0,0,0,0,0,0,0,0,0,0,0,0,0,0,0,0,0,0,0,0,0,0,0,0,0,0,0,0,0,0,0,0,0,0,0,0,0,0,0,0,0,0,0,0,0,0,0,0,0,0,0,0,0,0,0,0,0,0,0,208,0,0,0,0,0,0,0,0,0
"E01_T003_S014",0,0,19862,0,0,0,0,0,269,0,0,0,0,0,0,0,0,0,1058,1051,0,0,0,3,0,0,0,0,0,0,0,0,0,0,0,0,0,0,0,0,0,0,0,1747,0,0,3619,0,0,0,0,0,0,0,0,0,0,0,0,0,0,0,0,0,0,0,0,0,0,0,0,2399,0,0,0,0,0,0,0,0,0,0,0,0,0,0,0,0,0
"E01_T003_S015",0,0,6765,0,0,0,0,0,0,0,0,0,161,0,0,0,0,0,1261,729,0,0,0,0,0,0,0,0,0,0,0,0,0,0,0,297,0,0,0,0,0,0,0,0,0,0,776,0,0,0,0,0,0,0,0,0,0,0,0,0,0,0,0,0,0,0,0,0,0,0,0,162,0,0,0,0,0,0,0,0,0,0,0,0,0,0,0,0,0
"E01_T003_S016",0,0,13321,0,0,0,0,0,0,0,0,0,549,0,0,0,0,0,1610,0,0,0,0,0,0,0,0,0,0,0,0,0,0,0,0,0,0,0,0,0,0,0,0,0,0,0,0,0,0,0,0,0,0,0,0,0,0,0,0,0,0,0,0,0,0,0,0,0,0,0,0,2645,0,0,0,0,0,0,0,0,0,0,0,0,0,0,0,0,0
"E01_T003_S017",0,0,9528,0,0,0,0,0,0,0,1260,0,1922,0,0,0,0,551,3519,1175,0,0,0,0,0,0,0,1,0,0,0,0,0,0,0,0,0,0,0,0,0,0,0,0,0,0,0,0,0,0,0,0,0,0,0,0,0,0,0,0,0,0,0,0,0,0,0,0,0,0,0,2356,0,0,0,1,0,0,0,0,0,0,0,0,0,0,0,0,0
"E01_T003_S018",0,10,3,0,0,0,0,0,0,0,0,0,0,0,0,0,4,0,0,0,0,11,0,0,0,9,15,13,0,0,0,6,5,0,0,0,0,1,0,0,0,0,0,0,0,0,0,0,0,0,0,0,0,0,0,0,0,0,0,0,0,0,0,0,0,0,0,0,0,0,0,0,0,0,0,10,0,0,7,0,0,0,0,0,0,0,0,0,0
"E01_T003_S019",0,1571,0,0,0,0,0,0,0,0,0,0,0,0,0,0,158,0,0,0,0,4964,0,0,0,5588,1803,2338,0,0,0,1,1449,0,0,0,0,1712,0,0,0,0,0,0,0,0,0,0,0,0,0,0,0,0,0,0,0,0,0,0,0,0,0,0,0,0,0,0,0,0,0,0,0,0,0,5229,0,0,2194,0,0,0,0,0,0,0,0,0,0
"E01_T003_S020",0,1716,0,0,0,1774,0,0,0,0,0,0,0,0,0,0,781,0,0,0,0,2169,0,0,0,2829,2757,6200,0,0,0,0,630,0,0,0,0,1248,0,0,0,0,0,0,0,0,0,0,0,0,0,0,0,0,0,0,0,0,0,0,0,0,0,0,0,0,0,0,0,0,0,0,0,0,0,1722,0,0,659,0,0,0,0,0,0,0,0,0,0
"E01_T003_S021",0,1720,0,0,0,0,0,0,0,0,0,0,0,0,0,0,1912,0,0,0,0,1607,0,0,0,4206,780,2331,0,0,0,0,758,0,0,0,0,0,0,0,0,0,0,0,0,0,0,0,0,0,0,0,0,0,0,0,0,0,0,0,0,0,0,0,0,0,0,0,0,0,0,0,0,0,0,920,0,0,1015,0,0,0,0,0,0,0,0,0,0
"E01_T003_S022",0,874,0,0,0,0,0,0,0,0,0,0,0,0,0,0,1472,0,0,0,0,1315,0,0,0,1600,1923,2493,0,0,0,1237,2436,0,0,2,0,205,0,0,0,0,0,0,0,0,0,0,0,0,0,0,0,0,0,0,0,0,0,0,0,0,0,0,0,0,0,0,0,0,0,0,0,0,0,3786,0,0,1387,0,0,0,0,0,0,0,0,0,0
"E01_T003_S023",0,1582,1,0,0,0,0,0,0,0,0,0,0,0,0,0,1303,0,0,0,0,1661,0,0,0,1648,1547,1580,0,0,0,0,360,0,0,0,0,266,0,0,0,0,0,0,0,0,0,0,0,0,0,0,0,0,0,0,0,0,0,0,0,0,0,0,0,0,0,0,0,0,0,0,0,0,0,873,0,0,1420,0,0,0,0,0,0,0,0,0,0
"E01_T003_S024",0,0,828,0,0,0,0,0,0,0,0,0,0,0,0,0,1,0,0,0,0,0,0,0,0,1,1,1,0,0,0,0,0,0,0,0,0,0,0,0,0,0,0,0,0,0,0,0,0,0,0,0,0,0,0,0,0,0,0,0,112,0,0,0,0,0,0,0,0,0,0,0,0,0,0,0,0,0,2,0,0,0,0,0,0,0,0,0,0
